"Fiscal Year","County","Region","Confirmed Victims","Victims"
"2025","Armstrong","1-Lubbock","Not Confirmed","15"
"2025","Bailey","1-Lubbock","Not Confirmed","26"
"2025","Bailey","1-Lubbock","Confirmed Victim","6"
"2025","Briscoe","1-Lubbock","Not Confirmed","4"
"2025","Briscoe","1-Lubbock","Confirmed Victim","2"
"2025","Carson","1-Lubbock","Not Confirmed","40"
"2025","Carson","1-Lubbock","Confirmed Victim","6"
"2025","Castro","1-Lubbock","Not Confirmed","43"
"2025","Castro","1-Lubbock","Confirmed Victim","19"
"2025","Childress","1-Lubbock","Not Confirmed","31"
"2025","Childress","1-Lubbock","Confirmed Victim","14"
"2025","Cochran","1-Lubbock","Not Confirmed","12"
"2025","Cochran","1-Lubbock","Confirmed Victim","9"
"2025","Collingsworth","1-Lubbock","Not Confirmed","10"
"2025","Collingsworth","1-Lubbock","Confirmed Victim","3"
"2025","Crosby","1-Lubbock","Not Confirmed","47"
"2025","Crosby","1-Lubbock","Confirmed Victim","9"
"2025","Dallam","1-Lubbock","Not Confirmed","67"
"2025","Dallam","1-Lubbock","Confirmed Victim","16"
"2025","Deaf Smith","1-Lubbock","Not Confirmed","155"
"2025","Deaf Smith","1-Lubbock","Confirmed Victim","25"
"2025","Dickens","1-Lubbock","Not Confirmed","21"
"2025","Dickens","1-Lubbock","Confirmed Victim","3"
"2025","Donley","1-Lubbock","Not Confirmed","42"
"2025","Donley","1-Lubbock","Confirmed Victim","8"
"2025","Floyd","1-Lubbock","Not Confirmed","36"
"2025","Floyd","1-Lubbock","Confirmed Victim","6"
"2025","Garza","1-Lubbock","Not Confirmed","40"
"2025","Garza","1-Lubbock","Confirmed Victim","6"
"2025","Gray","1-Lubbock","Not Confirmed","172"
"2025","Gray","1-Lubbock","Confirmed Victim","93"
"2025","Hale","1-Lubbock","Not Confirmed","205"
"2025","Hale","1-Lubbock","Confirmed Victim","94"
"2025","Hall","1-Lubbock","Not Confirmed","24"
"2025","Hall","1-Lubbock","Confirmed Victim","3"
"2025","Hansford","1-Lubbock","Not Confirmed","23"
"2025","Hansford","1-Lubbock","Confirmed Victim","10"
"2025","Hartley","1-Lubbock","Not Confirmed","24"
"2025","Hartley","1-Lubbock","Confirmed Victim","13"
"2025","Hemphill","1-Lubbock","Not Confirmed","11"
"2025","Hemphill","1-Lubbock","Confirmed Victim","4"
"2025","Hockley","1-Lubbock","Not Confirmed","159"
"2025","Hockley","1-Lubbock","Confirmed Victim","52"
"2025","Hutchinson","1-Lubbock","Not Confirmed","161"
"2025","Hutchinson","1-Lubbock","Confirmed Victim","58"
"2025","King","1-Lubbock","Confirmed Victim","1"
"2025","Lamb","1-Lubbock","Not Confirmed","95"
"2025","Lamb","1-Lubbock","Confirmed Victim","29"
"2025","Lipscomb","1-Lubbock","Not Confirmed","24"
"2025","Lipscomb","1-Lubbock","Confirmed Victim","7"
"2025","Lubbock","1-Lubbock","Not Confirmed","2,465"
"2025","Lubbock","1-Lubbock","Confirmed Victim","690"
"2025","Lynn","1-Lubbock","Not Confirmed","44"
"2025","Lynn","1-Lubbock","Confirmed Victim","18"
"2025","Moore","1-Lubbock","Not Confirmed","104"
"2025","Moore","1-Lubbock","Confirmed Victim","55"
"2025","Motley","1-Lubbock","Not Confirmed","13"
"2025","Ochiltree","1-Lubbock","Not Confirmed","48"
"2025","Ochiltree","1-Lubbock","Confirmed Victim","13"
"2025","Oldham","1-Lubbock","Not Confirmed","12"
"2025","Oldham","1-Lubbock","Confirmed Victim","3"
"2025","Parmer","1-Lubbock","Not Confirmed","47"
"2025","Parmer","1-Lubbock","Confirmed Victim","5"
"2025","Potter","1-Lubbock","Not Confirmed","1,477"
"2025","Potter","1-Lubbock","Confirmed Victim","422"
"2025","Randall","1-Lubbock","Not Confirmed","1,076"
"2025","Randall","1-Lubbock","Confirmed Victim","280"
"2025","Roberts","1-Lubbock","Confirmed Victim","1"
"2025","Sherman","1-Lubbock","Not Confirmed","20"
"2025","Swisher","1-Lubbock","Not Confirmed","38"
"2025","Swisher","1-Lubbock","Confirmed Victim","14"
"2025","Terry","1-Lubbock","Not Confirmed","94"
"2025","Terry","1-Lubbock","Confirmed Victim","61"
"2025","Wheeler","1-Lubbock","Not Confirmed","28"
"2025","Wheeler","1-Lubbock","Confirmed Victim","13"
"2025","Yoakum","1-Lubbock","Not Confirmed","49"
"2025","Yoakum","1-Lubbock","Confirmed Victim","17"
"2025","Archer","2-Abilene","Not Confirmed","54"
"2025","Archer","2-Abilene","Confirmed Victim","12"
"2025","Baylor","2-Abilene","Not Confirmed","34"
"2025","Baylor","2-Abilene","Confirmed Victim","25"
"2025","Brown","2-Abilene","Not Confirmed","383"
"2025","Brown","2-Abilene","Confirmed Victim","187"
"2025","Callahan","2-Abilene","Not Confirmed","152"
"2025","Callahan","2-Abilene","Confirmed Victim","66"
"2025","Clay","2-Abilene","Not Confirmed","72"
"2025","Clay","2-Abilene","Confirmed Victim","33"
"2025","Coleman","2-Abilene","Not Confirmed","76"
"2025","Coleman","2-Abilene","Confirmed Victim","49"
"2025","Comanche","2-Abilene","Not Confirmed","126"
"2025","Comanche","2-Abilene","Confirmed Victim","138"
"2025","Cottle","2-Abilene","Not Confirmed","3"
"2025","Eastland","2-Abilene","Not Confirmed","142"
"2025","Eastland","2-Abilene","Confirmed Victim","98"
"2025","Fisher","2-Abilene","Not Confirmed","43"
"2025","Fisher","2-Abilene","Confirmed Victim","24"
"2025","Foard","2-Abilene","Not Confirmed","9"
"2025","Foard","2-Abilene","Confirmed Victim","2"
"2025","Hardeman","2-Abilene","Not Confirmed","30"
"2025","Hardeman","2-Abilene","Confirmed Victim","13"
"2025","Haskell","2-Abilene","Not Confirmed","69"
"2025","Haskell","2-Abilene","Confirmed Victim","13"
"2025","Jack","2-Abilene","Not Confirmed","57"
"2025","Jack","2-Abilene","Confirmed Victim","23"
"2025","Jones","2-Abilene","Not Confirmed","191"
"2025","Jones","2-Abilene","Confirmed Victim","59"
"2025","Knox","2-Abilene","Not Confirmed","13"
"2025","Knox","2-Abilene","Confirmed Victim","3"
"2025","Mitchell","2-Abilene","Not Confirmed","67"
"2025","Mitchell","2-Abilene","Confirmed Victim","44"
"2025","Montague","2-Abilene","Not Confirmed","201"
"2025","Montague","2-Abilene","Confirmed Victim","64"
"2025","Nolan","2-Abilene","Not Confirmed","176"
"2025","Nolan","2-Abilene","Confirmed Victim","104"
"2025","Runnels","2-Abilene","Not Confirmed","100"
"2025","Runnels","2-Abilene","Confirmed Victim","38"
"2025","Scurry","2-Abilene","Not Confirmed","128"
"2025","Scurry","2-Abilene","Confirmed Victim","88"
"2025","Shackelford","2-Abilene","Not Confirmed","34"
"2025","Shackelford","2-Abilene","Confirmed Victim","17"
"2025","Stephens","2-Abilene","Not Confirmed","54"
"2025","Stephens","2-Abilene","Confirmed Victim","45"
"2025","Stonewall","2-Abilene","Not Confirmed","3"
"2025","Taylor","2-Abilene","Not Confirmed","1,680"
"2025","Taylor","2-Abilene","Confirmed Victim","832"
"2025","Throckmorton","2-Abilene","Not Confirmed","12"
"2025","Throckmorton","2-Abilene","Confirmed Victim","3"
"2025","Wichita","2-Abilene","Not Confirmed","1,118"
"2025","Wichita","2-Abilene","Confirmed Victim","439"
"2025","Wilbarger","2-Abilene","Not Confirmed","95"
"2025","Wilbarger","2-Abilene","Confirmed Victim","51"
"2025","Young","2-Abilene","Not Confirmed","125"
"2025","Young","2-Abilene","Confirmed Victim","50"
"2025","Collin","3-Arlington","Not Confirmed","3,906"
"2025","Collin","3-Arlington","Confirmed Victim","962"
"2025","Cooke","3-Arlington","Not Confirmed","312"
"2025","Cooke","3-Arlington","Confirmed Victim","176"
"2025","Dallas","3-Arlington","Not Confirmed","12,536"
"2025","Dallas","3-Arlington","Confirmed Victim","4,617"
"2025","Denton","3-Arlington","Not Confirmed","2,972"
"2025","Denton","3-Arlington","Confirmed Victim","1,174"
"2025","Ellis","3-Arlington","Not Confirmed","1,150"
"2025","Ellis","3-Arlington","Confirmed Victim","332"
"2025","Erath","3-Arlington","Not Confirmed","266"
"2025","Erath","3-Arlington","Confirmed Victim","71"
"2025","Fannin","3-Arlington","Not Confirmed","270"
"2025","Fannin","3-Arlington","Confirmed Victim","60"
"2025","Grayson","3-Arlington","Not Confirmed","1,018"
"2025","Grayson","3-Arlington","Confirmed Victim","256"
"2025","Hood","3-Arlington","Not Confirmed","371"
"2025","Hood","3-Arlington","Confirmed Victim","207"
"2025","Hunt","3-Arlington","Not Confirmed","813"
"2025","Hunt","3-Arlington","Confirmed Victim","252"
"2025","Johnson","3-Arlington","Not Confirmed","1,189"
"2025","Johnson","3-Arlington","Confirmed Victim","412"
"2025","Kaufman","3-Arlington","Not Confirmed","1,221"
"2025","Kaufman","3-Arlington","Confirmed Victim","439"
"2025","Navarro","3-Arlington","Not Confirmed","297"
"2025","Navarro","3-Arlington","Confirmed Victim","107"
"2025","Palo Pinto","3-Arlington","Not Confirmed","200"
"2025","Palo Pinto","3-Arlington","Confirmed Victim","106"
"2025","Parker","3-Arlington","Not Confirmed","897"
"2025","Parker","3-Arlington","Confirmed Victim","272"
"2025","Rockwall","3-Arlington","Not Confirmed","618"
"2025","Rockwall","3-Arlington","Confirmed Victim","175"
"2025","Somervell","3-Arlington","Not Confirmed","73"
"2025","Somervell","3-Arlington","Confirmed Victim","19"
"2025","Tarrant","3-Arlington","Not Confirmed","12,261"
"2025","Tarrant","3-Arlington","Confirmed Victim","4,592"
"2025","Wise","3-Arlington","Not Confirmed","483"
"2025","Wise","3-Arlington","Confirmed Victim","134"
"2025","Anderson","4-Tyler","Not Confirmed","339"
"2025","Anderson","4-Tyler","Confirmed Victim","140"
"2025","Bowie","4-Tyler","Not Confirmed","746"
"2025","Bowie","4-Tyler","Confirmed Victim","172"
"2025","Camp","4-Tyler","Not Confirmed","74"
"2025","Camp","4-Tyler","Confirmed Victim","49"
"2025","Cass","4-Tyler","Not Confirmed","253"
"2025","Cass","4-Tyler","Confirmed Victim","78"
"2025","Cherokee","4-Tyler","Not Confirmed","470"
"2025","Cherokee","4-Tyler","Confirmed Victim","140"
"2025","Delta","4-Tyler","Not Confirmed","59"
"2025","Delta","4-Tyler","Confirmed Victim","21"
"2025","Franklin","4-Tyler","Not Confirmed","64"
"2025","Franklin","4-Tyler","Confirmed Victim","24"
"2025","Gregg","4-Tyler","Not Confirmed","933"
"2025","Gregg","4-Tyler","Confirmed Victim","318"
"2025","Harrison","4-Tyler","Not Confirmed","576"
"2025","Harrison","4-Tyler","Confirmed Victim","106"
"2025","Henderson","4-Tyler","Not Confirmed","808"
"2025","Henderson","4-Tyler","Confirmed Victim","243"
"2025","Hopkins","4-Tyler","Not Confirmed","228"
"2025","Hopkins","4-Tyler","Confirmed Victim","82"
"2025","Lamar","4-Tyler","Not Confirmed","453"
"2025","Lamar","4-Tyler","Confirmed Victim","140"
"2025","Marion","4-Tyler","Not Confirmed","101"
"2025","Marion","4-Tyler","Confirmed Victim","24"
"2025","Morris","4-Tyler","Not Confirmed","103"
"2025","Morris","4-Tyler","Confirmed Victim","49"
"2025","Panola","4-Tyler","Not Confirmed","116"
"2025","Panola","4-Tyler","Confirmed Victim","58"
"2025","Rains","4-Tyler","Not Confirmed","92"
"2025","Rains","4-Tyler","Confirmed Victim","24"
"2025","Red River","4-Tyler","Not Confirmed","102"
"2025","Red River","4-Tyler","Confirmed Victim","41"
"2025","Rusk","4-Tyler","Not Confirmed","358"
"2025","Rusk","4-Tyler","Confirmed Victim","170"
"2025","Smith","4-Tyler","Not Confirmed","1,414"
"2025","Smith","4-Tyler","Confirmed Victim","631"
"2025","Titus","4-Tyler","Not Confirmed","201"
"2025","Titus","4-Tyler","Confirmed Victim","102"
"2025","Upshur","4-Tyler","Not Confirmed","332"
"2025","Upshur","4-Tyler","Confirmed Victim","121"
"2025","Van Zandt","4-Tyler","Not Confirmed","363"
"2025","Van Zandt","4-Tyler","Confirmed Victim","98"
"2025","Wood","4-Tyler","Not Confirmed","261"
"2025","Wood","4-Tyler","Confirmed Victim","123"
"2025","Angelina","5-Beaumont","Not Confirmed","675"
"2025","Angelina","5-Beaumont","Confirmed Victim","237"
"2025","Hardin","5-Beaumont","Not Confirmed","298"
"2025","Hardin","5-Beaumont","Confirmed Victim","117"
"2025","Houston","5-Beaumont","Not Confirmed","134"
"2025","Houston","5-Beaumont","Confirmed Victim","34"
"2025","Jasper","5-Beaumont","Not Confirmed","319"
"2025","Jasper","5-Beaumont","Confirmed Victim","53"
"2025","Jefferson","5-Beaumont","Not Confirmed","1,563"
"2025","Jefferson","5-Beaumont","Confirmed Victim","600"
"2025","Nacogdoches","5-Beaumont","Not Confirmed","384"
"2025","Nacogdoches","5-Beaumont","Confirmed Victim","149"
"2025","Newton","5-Beaumont","Not Confirmed","68"
"2025","Newton","5-Beaumont","Confirmed Victim","19"
"2025","Orange","5-Beaumont","Not Confirmed","688"
"2025","Orange","5-Beaumont","Confirmed Victim","251"
"2025","Polk","5-Beaumont","Not Confirmed","463"
"2025","Polk","5-Beaumont","Confirmed Victim","93"
"2025","Sabine","5-Beaumont","Not Confirmed","57"
"2025","Sabine","5-Beaumont","Confirmed Victim","12"
"2025","San Augustine","5-Beaumont","Not Confirmed","56"
"2025","San Augustine","5-Beaumont","Confirmed Victim","4"
"2025","San Jacinto","5-Beaumont","Not Confirmed","177"
"2025","San Jacinto","5-Beaumont","Confirmed Victim","47"
"2025","Shelby","5-Beaumont","Not Confirmed","186"
"2025","Shelby","5-Beaumont","Confirmed Victim","38"
"2025","Trinity","5-Beaumont","Not Confirmed","147"
"2025","Trinity","5-Beaumont","Confirmed Victim","22"
"2025","Tyler","5-Beaumont","Not Confirmed","147"
"2025","Tyler","5-Beaumont","Confirmed Victim","51"
"2025","Austin","6-Houston","Not Confirmed","137"
"2025","Austin","6-Houston","Confirmed Victim","32"
"2025","Brazoria","6-Houston","Not Confirmed","1,755"
"2025","Brazoria","6-Houston","Confirmed Victim","534"
"2025","Chambers","6-Houston","Not Confirmed","312"
"2025","Chambers","6-Houston","Confirmed Victim","48"
"2025","Colorado","6-Houston","Not Confirmed","105"
"2025","Colorado","6-Houston","Confirmed Victim","20"
"2025","Fort Bend","6-Houston","Not Confirmed","3,080"
"2025","Fort Bend","6-Houston","Confirmed Victim","438"
"2025","Galveston","6-Houston","Not Confirmed","2,054"
"2025","Galveston","6-Houston","Confirmed Victim","597"
"2025","Harris","6-Houston","Not Confirmed","23,877"
"2025","Harris","6-Houston","Confirmed Victim","5,408"
"2025","Liberty","6-Houston","Not Confirmed","930"
"2025","Liberty","6-Houston","Confirmed Victim","208"
"2025","Matagorda","6-Houston","Not Confirmed","253"
"2025","Matagorda","6-Houston","Confirmed Victim","37"
"2025","Montgomery","6-Houston","Not Confirmed","4,175"
"2025","Montgomery","6-Houston","Confirmed Victim","664"
"2025","Walker","6-Houston","Not Confirmed","413"
"2025","Walker","6-Houston","Confirmed Victim","101"
"2025","Waller","6-Houston","Not Confirmed","267"
"2025","Waller","6-Houston","Confirmed Victim","30"
"2025","Wharton","6-Houston","Not Confirmed","293"
"2025","Wharton","6-Houston","Confirmed Victim","41"
"2025","Bastrop","7-Austin","Not Confirmed","855"
"2025","Bastrop","7-Austin","Confirmed Victim","219"
"2025","Bell","7-Austin","Not Confirmed","3,095"
"2025","Bell","7-Austin","Confirmed Victim","1,322"
"2025","Blanco","7-Austin","Not Confirmed","71"
"2025","Blanco","7-Austin","Confirmed Victim","20"
"2025","Bosque","7-Austin","Not Confirmed","84"
"2025","Bosque","7-Austin","Confirmed Victim","39"
"2025","Brazos","7-Austin","Not Confirmed","1,188"
"2025","Brazos","7-Austin","Confirmed Victim","368"
"2025","Burleson","7-Austin","Not Confirmed","126"
"2025","Burleson","7-Austin","Confirmed Victim","44"
"2025","Burnet","7-Austin","Not Confirmed","333"
"2025","Burnet","7-Austin","Confirmed Victim","70"
"2025","Caldwell","7-Austin","Not Confirmed","496"
"2025","Caldwell","7-Austin","Confirmed Victim","121"
"2025","Coryell","7-Austin","Not Confirmed","822"
"2025","Coryell","7-Austin","Confirmed Victim","255"
"2025","Falls","7-Austin","Not Confirmed","110"
"2025","Falls","7-Austin","Confirmed Victim","57"
"2025","Fayette","7-Austin","Not Confirmed","127"
"2025","Fayette","7-Austin","Confirmed Victim","46"
"2025","Freestone","7-Austin","Not Confirmed","106"
"2025","Freestone","7-Austin","Confirmed Victim","28"
"2025","Grimes","7-Austin","Not Confirmed","162"
"2025","Grimes","7-Austin","Confirmed Victim","41"
"2025","Hamilton","7-Austin","Not Confirmed","73"
"2025","Hamilton","7-Austin","Confirmed Victim","44"
"2025","Hays","7-Austin","Not Confirmed","1,295"
"2025","Hays","7-Austin","Confirmed Victim","388"
"2025","Hill","7-Austin","Not Confirmed","247"
"2025","Hill","7-Austin","Confirmed Victim","171"
"2025","Lampasas","7-Austin","Not Confirmed","133"
"2025","Lampasas","7-Austin","Confirmed Victim","69"
"2025","Lee","7-Austin","Not Confirmed","100"
"2025","Lee","7-Austin","Confirmed Victim","26"
"2025","Leon","7-Austin","Not Confirmed","77"
"2025","Leon","7-Austin","Confirmed Victim","25"
"2025","Limestone","7-Austin","Not Confirmed","172"
"2025","Limestone","7-Austin","Confirmed Victim","92"
"2025","Llano","7-Austin","Not Confirmed","166"
"2025","Llano","7-Austin","Confirmed Victim","42"
"2025","Madison","7-Austin","Not Confirmed","87"
"2025","Madison","7-Austin","Confirmed Victim","17"
"2025","McLennan","7-Austin","Not Confirmed","2,021"
"2025","McLennan","7-Austin","Confirmed Victim","821"
"2025","Milam","7-Austin","Not Confirmed","172"
"2025","Milam","7-Austin","Confirmed Victim","70"
"2025","Mills","7-Austin","Not Confirmed","20"
"2025","Mills","7-Austin","Confirmed Victim","9"
"2025","Robertson","7-Austin","Not Confirmed","159"
"2025","Robertson","7-Austin","Confirmed Victim","66"
"2025","San Saba","7-Austin","Not Confirmed","33"
"2025","San Saba","7-Austin","Confirmed Victim","12"
"2025","Travis","7-Austin","Not Confirmed","6,214"
"2025","Travis","7-Austin","Confirmed Victim","1,803"
"2025","Washington","7-Austin","Not Confirmed","274"
"2025","Washington","7-Austin","Confirmed Victim","90"
"2025","Williamson","7-Austin","Not Confirmed","3,119"
"2025","Williamson","7-Austin","Confirmed Victim","713"
"2025","Atascosa","8-San Antonio","Not Confirmed","453"
"2025","Atascosa","8-San Antonio","Confirmed Victim","116"
"2025","Bandera","8-San Antonio","Not Confirmed","131"
"2025","Bandera","8-San Antonio","Confirmed Victim","30"
"2025","Bexar","8-San Antonio","Not Confirmed","14,335"
"2025","Bexar","8-San Antonio","Confirmed Victim","4,417"
"2025","Calhoun","8-San Antonio","Not Confirmed","108"
"2025","Calhoun","8-San Antonio","Confirmed Victim","38"
"2025","Comal","8-San Antonio","Not Confirmed","1,025"
"2025","Comal","8-San Antonio","Confirmed Victim","239"
"2025","DeWitt","8-San Antonio","Not Confirmed","197"
"2025","DeWitt","8-San Antonio","Confirmed Victim","56"
"2025","Dimmit","8-San Antonio","Not Confirmed","84"
"2025","Dimmit","8-San Antonio","Confirmed Victim","21"
"2025","Edwards","8-San Antonio","Not Confirmed","9"
"2025","Edwards","8-San Antonio","Confirmed Victim","4"
"2025","Frio","8-San Antonio","Not Confirmed","153"
"2025","Frio","8-San Antonio","Confirmed Victim","59"
"2025","Gillespie","8-San Antonio","Not Confirmed","102"
"2025","Gillespie","8-San Antonio","Confirmed Victim","41"
"2025","Goliad","8-San Antonio","Not Confirmed","48"
"2025","Goliad","8-San Antonio","Confirmed Victim","18"
"2025","Gonzales","8-San Antonio","Not Confirmed","197"
"2025","Gonzales","8-San Antonio","Confirmed Victim","45"
"2025","Guadalupe","8-San Antonio","Not Confirmed","1,344"
"2025","Guadalupe","8-San Antonio","Confirmed Victim","245"
"2025","Jackson","8-San Antonio","Not Confirmed","91"
"2025","Jackson","8-San Antonio","Confirmed Victim","18"
"2025","Karnes","8-San Antonio","Not Confirmed","108"
"2025","Karnes","8-San Antonio","Confirmed Victim","45"
"2025","Kendall","8-San Antonio","Not Confirmed","175"
"2025","Kendall","8-San Antonio","Confirmed Victim","29"
"2025","Kerr","8-San Antonio","Not Confirmed","327"
"2025","Kerr","8-San Antonio","Confirmed Victim","75"
"2025","Kinney","8-San Antonio","Not Confirmed","6"
"2025","Kinney","8-San Antonio","Confirmed Victim","5"
"2025","La Salle","8-San Antonio","Not Confirmed","75"
"2025","La Salle","8-San Antonio","Confirmed Victim","24"
"2025","Lavaca","8-San Antonio","Not Confirmed","145"
"2025","Lavaca","8-San Antonio","Confirmed Victim","41"
"2025","Maverick","8-San Antonio","Not Confirmed","186"
"2025","Maverick","8-San Antonio","Confirmed Victim","67"
"2025","Medina","8-San Antonio","Not Confirmed","346"
"2025","Medina","8-San Antonio","Confirmed Victim","82"
"2025","Real","8-San Antonio","Not Confirmed","17"
"2025","Real","8-San Antonio","Confirmed Victim","3"
"2025","Uvalde","8-San Antonio","Not Confirmed","224"
"2025","Uvalde","8-San Antonio","Confirmed Victim","63"
"2025","Val Verde","8-San Antonio","Not Confirmed","193"
"2025","Val Verde","8-San Antonio","Confirmed Victim","50"
"2025","Victoria","8-San Antonio","Not Confirmed","913"
"2025","Victoria","8-San Antonio","Confirmed Victim","272"
"2025","Wilson","8-San Antonio","Not Confirmed","320"
"2025","Wilson","8-San Antonio","Confirmed Victim","96"
"2025","Zavala","8-San Antonio","Not Confirmed","110"
"2025","Zavala","8-San Antonio","Confirmed Victim","33"
"2025","Andrews","9-Midland","Not Confirmed","125"
"2025","Andrews","9-Midland","Confirmed Victim","42"
"2025","Borden","9-Midland","Not Confirmed","8"
"2025","Coke","9-Midland","Not Confirmed","26"
"2025","Coke","9-Midland","Confirmed Victim","4"
"2025","Concho","9-Midland","Not Confirmed","19"
"2025","Concho","9-Midland","Confirmed Victim","1"
"2025","Crane","9-Midland","Not Confirmed","26"
"2025","Crane","9-Midland","Confirmed Victim","8"
"2025","Crockett","9-Midland","Not Confirmed","5"
"2025","Crockett","9-Midland","Confirmed Victim","3"
"2025","Dawson","9-Midland","Not Confirmed","87"
"2025","Dawson","9-Midland","Confirmed Victim","24"
"2025","Ector","9-Midland","Not Confirmed","1,234"
"2025","Ector","9-Midland","Confirmed Victim","379"
"2025","Gaines","9-Midland","Not Confirmed","126"
"2025","Gaines","9-Midland","Confirmed Victim","28"
"2025","Glasscock","9-Midland","Not Confirmed","8"
"2025","Howard","9-Midland","Not Confirmed","271"
"2025","Howard","9-Midland","Confirmed Victim","60"
"2025","Irion","9-Midland","Not Confirmed","7"
"2025","Kimble","9-Midland","Not Confirmed","30"
"2025","Kimble","9-Midland","Confirmed Victim","10"
"2025","Loving","9-Midland","Not Confirmed","1"
"2025","Martin","9-Midland","Not Confirmed","59"
"2025","Martin","9-Midland","Confirmed Victim","7"
"2025","Mason","9-Midland","Not Confirmed","6"
"2025","Mason","9-Midland","Confirmed Victim","5"
"2025","McCulloch","9-Midland","Not Confirmed","60"
"2025","McCulloch","9-Midland","Confirmed Victim","19"
"2025","Menard","9-Midland","Not Confirmed","5"
"2025","Menard","9-Midland","Confirmed Victim","2"
"2025","Midland","9-Midland","Not Confirmed","1,181"
"2025","Midland","9-Midland","Confirmed Victim","303"
"2025","Pecos","9-Midland","Not Confirmed","82"
"2025","Pecos","9-Midland","Confirmed Victim","43"
"2025","Reagan","9-Midland","Not Confirmed","16"
"2025","Reagan","9-Midland","Confirmed Victim","9"
"2025","Reeves","9-Midland","Not Confirmed","79"
"2025","Reeves","9-Midland","Confirmed Victim","25"
"2025","Schleicher","9-Midland","Not Confirmed","12"
"2025","Schleicher","9-Midland","Confirmed Victim","7"
"2025","Sterling","9-Midland","Not Confirmed","8"
"2025","Sterling","9-Midland","Confirmed Victim","1"
"2025","Sutton","9-Midland","Not Confirmed","19"
"2025","Sutton","9-Midland","Confirmed Victim","3"
"2025","Terrell","9-Midland","Not Confirmed","5"
"2025","Terrell","9-Midland","Confirmed Victim","1"
"2025","Tom Green","9-Midland","Not Confirmed","1,030"
"2025","Tom Green","9-Midland","Confirmed Victim","325"
"2025","Upton","9-Midland","Not Confirmed","23"
"2025","Upton","9-Midland","Confirmed Victim","4"
"2025","Ward","9-Midland","Not Confirmed","94"
"2025","Ward","9-Midland","Confirmed Victim","39"
"2025","Winkler","9-Midland","Not Confirmed","40"
"2025","Winkler","9-Midland","Confirmed Victim","21"
"2025","Brewster","10-El Paso","Not Confirmed","22"
"2025","Brewster","10-El Paso","Confirmed Victim","16"
"2025","Culberson","10-El Paso","Not Confirmed","25"
"2025","Culberson","10-El Paso","Confirmed Victim","9"
"2025","El Paso","10-El Paso","Not Confirmed","3,993"
"2025","El Paso","10-El Paso","Confirmed Victim","1,138"
"2025","Hudspeth","10-El Paso","Not Confirmed","31"
"2025","Hudspeth","10-El Paso","Confirmed Victim","14"
"2025","Jeff Davis","10-El Paso","Not Confirmed","5"
"2025","Jeff Davis","10-El Paso","Confirmed Victim","7"
"2025","Presidio","10-El Paso","Not Confirmed","11"
"2025","Presidio","10-El Paso","Confirmed Victim","8"
"2025","Aransas","11-Edinburg","Not Confirmed","189"
"2025","Aransas","11-Edinburg","Confirmed Victim","60"
"2025","Bee","11-Edinburg","Not Confirmed","213"
"2025","Bee","11-Edinburg","Confirmed Victim","48"
"2025","Brooks","11-Edinburg","Not Confirmed","84"
"2025","Brooks","11-Edinburg","Confirmed Victim","32"
"2025","Cameron","11-Edinburg","Not Confirmed","2,324"
"2025","Cameron","11-Edinburg","Confirmed Victim","737"
"2025","Duval","11-Edinburg","Not Confirmed","71"
"2025","Duval","11-Edinburg","Confirmed Victim","24"
"2025","Hidalgo","11-Edinburg","Not Confirmed","4,828"
"2025","Hidalgo","11-Edinburg","Confirmed Victim","1,607"
"2025","Jim Hogg","11-Edinburg","Not Confirmed","44"
"2025","Jim Hogg","11-Edinburg","Confirmed Victim","11"
"2025","Jim Wells","11-Edinburg","Not Confirmed","422"
"2025","Jim Wells","11-Edinburg","Confirmed Victim","99"
"2025","Kleberg","11-Edinburg","Not Confirmed","265"
"2025","Kleberg","11-Edinburg","Confirmed Victim","88"
"2025","Live Oak","11-Edinburg","Not Confirmed","62"
"2025","Live Oak","11-Edinburg","Confirmed Victim","10"
"2025","McMullen","11-Edinburg","Not Confirmed","2"
"2025","Nueces","11-Edinburg","Not Confirmed","2,316"
"2025","Nueces","11-Edinburg","Confirmed Victim","944"
"2025","Refugio","11-Edinburg","Not Confirmed","49"
"2025","Refugio","11-Edinburg","Confirmed Victim","13"
"2025","San Patricio","11-Edinburg","Not Confirmed","574"
"2025","San Patricio","11-Edinburg","Confirmed Victim","130"
"2025","Starr","11-Edinburg","Not Confirmed","401"
"2025","Starr","11-Edinburg","Confirmed Victim","46"
"2025","Webb","11-Edinburg","Not Confirmed","1,470"
"2025","Webb","11-Edinburg","Confirmed Victim","339"
"2025","Willacy","11-Edinburg","Not Confirmed","180"
"2025","Willacy","11-Edinburg","Confirmed Victim","60"
"2025","Zapata","11-Edinburg","Not Confirmed","73"
"2025","Zapata","11-Edinburg","Confirmed Victim","41"
"2025","Out of State","Out of State","Not Confirmed","16"
"2025","Out of State","Out of State","Confirmed Victim","1"
"2024","Armstrong","1-Lubbock","Not Confirmed","17"
"2024","Armstrong","1-Lubbock","Confirmed Victim","3"
"2024","Bailey","1-Lubbock","Not Confirmed","21"
"2024","Bailey","1-Lubbock","Confirmed Victim","9"
"2024","Briscoe","1-Lubbock","Not Confirmed","5"
"2024","Briscoe","1-Lubbock","Confirmed Victim","2"
"2024","Carson","1-Lubbock","Not Confirmed","36"
"2024","Carson","1-Lubbock","Confirmed Victim","11"
"2024","Castro","1-Lubbock","Not Confirmed","24"
"2024","Castro","1-Lubbock","Confirmed Victim","21"
"2024","Childress","1-Lubbock","Not Confirmed","44"
"2024","Childress","1-Lubbock","Confirmed Victim","13"
"2024","Cochran","1-Lubbock","Not Confirmed","30"
"2024","Cochran","1-Lubbock","Confirmed Victim","6"
"2024","Collingsworth","1-Lubbock","Not Confirmed","10"
"2024","Collingsworth","1-Lubbock","Confirmed Victim","2"
"2024","Crosby","1-Lubbock","Not Confirmed","58"
"2024","Crosby","1-Lubbock","Confirmed Victim","23"
"2024","Dallam","1-Lubbock","Not Confirmed","77"
"2024","Dallam","1-Lubbock","Confirmed Victim","33"
"2024","Deaf Smith","1-Lubbock","Not Confirmed","158"
"2024","Deaf Smith","1-Lubbock","Confirmed Victim","22"
"2024","Dickens","1-Lubbock","Not Confirmed","18"
"2024","Dickens","1-Lubbock","Confirmed Victim","7"
"2024","Donley","1-Lubbock","Not Confirmed","33"
"2024","Donley","1-Lubbock","Confirmed Victim","6"
"2024","Floyd","1-Lubbock","Not Confirmed","58"
"2024","Floyd","1-Lubbock","Confirmed Victim","24"
"2024","Garza","1-Lubbock","Not Confirmed","35"
"2024","Garza","1-Lubbock","Confirmed Victim","23"
"2024","Gray","1-Lubbock","Not Confirmed","209"
"2024","Gray","1-Lubbock","Confirmed Victim","66"
"2024","Hale","1-Lubbock","Not Confirmed","219"
"2024","Hale","1-Lubbock","Confirmed Victim","88"
"2024","Hall","1-Lubbock","Not Confirmed","13"
"2024","Hall","1-Lubbock","Confirmed Victim","2"
"2024","Hansford","1-Lubbock","Not Confirmed","29"
"2024","Hansford","1-Lubbock","Confirmed Victim","3"
"2024","Hartley","1-Lubbock","Not Confirmed","22"
"2024","Hartley","1-Lubbock","Confirmed Victim","9"
"2024","Hemphill","1-Lubbock","Not Confirmed","8"
"2024","Hemphill","1-Lubbock","Confirmed Victim","2"
"2024","Hockley","1-Lubbock","Not Confirmed","169"
"2024","Hockley","1-Lubbock","Confirmed Victim","49"
"2024","Hutchinson","1-Lubbock","Not Confirmed","215"
"2024","Hutchinson","1-Lubbock","Confirmed Victim","64"
"2024","Lamb","1-Lubbock","Not Confirmed","93"
"2024","Lamb","1-Lubbock","Confirmed Victim","40"
"2024","Lipscomb","1-Lubbock","Not Confirmed","13"
"2024","Lipscomb","1-Lubbock","Confirmed Victim","2"
"2024","Lubbock","1-Lubbock","Not Confirmed","2,512"
"2024","Lubbock","1-Lubbock","Confirmed Victim","783"
"2024","Lynn","1-Lubbock","Not Confirmed","43"
"2024","Lynn","1-Lubbock","Confirmed Victim","14"
"2024","Moore","1-Lubbock","Not Confirmed","189"
"2024","Moore","1-Lubbock","Confirmed Victim","58"
"2024","Motley","1-Lubbock","Not Confirmed","4"
"2024","Motley","1-Lubbock","Confirmed Victim","4"
"2024","Ochiltree","1-Lubbock","Not Confirmed","59"
"2024","Ochiltree","1-Lubbock","Confirmed Victim","10"
"2024","Oldham","1-Lubbock","Not Confirmed","3"
"2024","Oldham","1-Lubbock","Confirmed Victim","5"
"2024","Parmer","1-Lubbock","Not Confirmed","48"
"2024","Parmer","1-Lubbock","Confirmed Victim","12"
"2024","Potter","1-Lubbock","Not Confirmed","1,512"
"2024","Potter","1-Lubbock","Confirmed Victim","444"
"2024","Randall","1-Lubbock","Not Confirmed","1,060"
"2024","Randall","1-Lubbock","Confirmed Victim","317"
"2024","Roberts","1-Lubbock","Not Confirmed","1"
"2024","Sherman","1-Lubbock","Not Confirmed","17"
"2024","Sherman","1-Lubbock","Confirmed Victim","2"
"2024","Swisher","1-Lubbock","Not Confirmed","49"
"2024","Swisher","1-Lubbock","Confirmed Victim","25"
"2024","Terry","1-Lubbock","Not Confirmed","106"
"2024","Terry","1-Lubbock","Confirmed Victim","52"
"2024","Wheeler","1-Lubbock","Not Confirmed","47"
"2024","Wheeler","1-Lubbock","Confirmed Victim","9"
"2024","Yoakum","1-Lubbock","Not Confirmed","41"
"2024","Yoakum","1-Lubbock","Confirmed Victim","6"
"2024","Archer","2-Abilene","Not Confirmed","43"
"2024","Archer","2-Abilene","Confirmed Victim","15"
"2024","Baylor","2-Abilene","Not Confirmed","31"
"2024","Baylor","2-Abilene","Confirmed Victim","15"
"2024","Brown","2-Abilene","Not Confirmed","434"
"2024","Brown","2-Abilene","Confirmed Victim","167"
"2024","Callahan","2-Abilene","Not Confirmed","128"
"2024","Callahan","2-Abilene","Confirmed Victim","75"
"2024","Clay","2-Abilene","Not Confirmed","61"
"2024","Clay","2-Abilene","Confirmed Victim","22"
"2024","Coleman","2-Abilene","Not Confirmed","60"
"2024","Coleman","2-Abilene","Confirmed Victim","29"
"2024","Comanche","2-Abilene","Not Confirmed","98"
"2024","Comanche","2-Abilene","Confirmed Victim","61"
"2024","Cottle","2-Abilene","Not Confirmed","5"
"2024","Cottle","2-Abilene","Confirmed Victim","1"
"2024","Eastland","2-Abilene","Not Confirmed","190"
"2024","Eastland","2-Abilene","Confirmed Victim","85"
"2024","Fisher","2-Abilene","Not Confirmed","57"
"2024","Fisher","2-Abilene","Confirmed Victim","18"
"2024","Foard","2-Abilene","Not Confirmed","7"
"2024","Hardeman","2-Abilene","Not Confirmed","32"
"2024","Hardeman","2-Abilene","Confirmed Victim","7"
"2024","Haskell","2-Abilene","Not Confirmed","64"
"2024","Haskell","2-Abilene","Confirmed Victim","15"
"2024","Jack","2-Abilene","Not Confirmed","58"
"2024","Jack","2-Abilene","Confirmed Victim","25"
"2024","Jones","2-Abilene","Not Confirmed","133"
"2024","Jones","2-Abilene","Confirmed Victim","38"
"2024","Kent","2-Abilene","Not Confirmed","6"
"2024","Kent","2-Abilene","Confirmed Victim","4"
"2024","Knox","2-Abilene","Not Confirmed","19"
"2024","Knox","2-Abilene","Confirmed Victim","13"
"2024","Mitchell","2-Abilene","Not Confirmed","63"
"2024","Mitchell","2-Abilene","Confirmed Victim","24"
"2024","Montague","2-Abilene","Not Confirmed","164"
"2024","Montague","2-Abilene","Confirmed Victim","64"
"2024","Nolan","2-Abilene","Not Confirmed","172"
"2024","Nolan","2-Abilene","Confirmed Victim","99"
"2024","Runnels","2-Abilene","Not Confirmed","146"
"2024","Runnels","2-Abilene","Confirmed Victim","41"
"2024","Scurry","2-Abilene","Not Confirmed","162"
"2024","Scurry","2-Abilene","Confirmed Victim","101"
"2024","Shackelford","2-Abilene","Not Confirmed","45"
"2024","Shackelford","2-Abilene","Confirmed Victim","13"
"2024","Stephens","2-Abilene","Not Confirmed","46"
"2024","Stephens","2-Abilene","Confirmed Victim","37"
"2024","Stonewall","2-Abilene","Not Confirmed","12"
"2024","Stonewall","2-Abilene","Confirmed Victim","10"
"2024","Taylor","2-Abilene","Not Confirmed","1,708"
"2024","Taylor","2-Abilene","Confirmed Victim","832"
"2024","Throckmorton","2-Abilene","Not Confirmed","10"
"2024","Throckmorton","2-Abilene","Confirmed Victim","3"
"2024","Wichita","2-Abilene","Not Confirmed","1,298"
"2024","Wichita","2-Abilene","Confirmed Victim","431"
"2024","Wilbarger","2-Abilene","Not Confirmed","101"
"2024","Wilbarger","2-Abilene","Confirmed Victim","41"
"2024","Young","2-Abilene","Not Confirmed","140"
"2024","Young","2-Abilene","Confirmed Victim","81"
"2024","Collin","3-Arlington","Not Confirmed","3,920"
"2024","Collin","3-Arlington","Confirmed Victim","998"
"2024","Cooke","3-Arlington","Not Confirmed","311"
"2024","Cooke","3-Arlington","Confirmed Victim","97"
"2024","Dallas","3-Arlington","Not Confirmed","13,715"
"2024","Dallas","3-Arlington","Confirmed Victim","4,889"
"2024","Denton","3-Arlington","Not Confirmed","3,104"
"2024","Denton","3-Arlington","Confirmed Victim","1,148"
"2024","Ellis","3-Arlington","Not Confirmed","1,156"
"2024","Ellis","3-Arlington","Confirmed Victim","328"
"2024","Erath","3-Arlington","Not Confirmed","261"
"2024","Erath","3-Arlington","Confirmed Victim","70"
"2024","Fannin","3-Arlington","Not Confirmed","265"
"2024","Fannin","3-Arlington","Confirmed Victim","51"
"2024","Grayson","3-Arlington","Not Confirmed","1,186"
"2024","Grayson","3-Arlington","Confirmed Victim","176"
"2024","Hood","3-Arlington","Not Confirmed","493"
"2024","Hood","3-Arlington","Confirmed Victim","172"
"2024","Hunt","3-Arlington","Not Confirmed","899"
"2024","Hunt","3-Arlington","Confirmed Victim","156"
"2024","Johnson","3-Arlington","Not Confirmed","1,306"
"2024","Johnson","3-Arlington","Confirmed Victim","439"
"2024","Kaufman","3-Arlington","Not Confirmed","1,223"
"2024","Kaufman","3-Arlington","Confirmed Victim","430"
"2024","Navarro","3-Arlington","Not Confirmed","310"
"2024","Navarro","3-Arlington","Confirmed Victim","129"
"2024","Palo Pinto","3-Arlington","Not Confirmed","309"
"2024","Palo Pinto","3-Arlington","Confirmed Victim","103"
"2024","Parker","3-Arlington","Not Confirmed","910"
"2024","Parker","3-Arlington","Confirmed Victim","308"
"2024","Rockwall","3-Arlington","Not Confirmed","561"
"2024","Rockwall","3-Arlington","Confirmed Victim","175"
"2024","Somervell","3-Arlington","Not Confirmed","71"
"2024","Somervell","3-Arlington","Confirmed Victim","26"
"2024","Tarrant","3-Arlington","Not Confirmed","12,603"
"2024","Tarrant","3-Arlington","Confirmed Victim","4,719"
"2024","Wise","3-Arlington","Not Confirmed","458"
"2024","Wise","3-Arlington","Confirmed Victim","164"
"2024","Anderson","4-Tyler","Not Confirmed","343"
"2024","Anderson","4-Tyler","Confirmed Victim","120"
"2024","Bowie","4-Tyler","Not Confirmed","751"
"2024","Bowie","4-Tyler","Confirmed Victim","198"
"2024","Camp","4-Tyler","Not Confirmed","80"
"2024","Camp","4-Tyler","Confirmed Victim","37"
"2024","Cass","4-Tyler","Not Confirmed","251"
"2024","Cass","4-Tyler","Confirmed Victim","87"
"2024","Cherokee","4-Tyler","Not Confirmed","430"
"2024","Cherokee","4-Tyler","Confirmed Victim","162"
"2024","Delta","4-Tyler","Not Confirmed","47"
"2024","Delta","4-Tyler","Confirmed Victim","14"
"2024","Franklin","4-Tyler","Not Confirmed","74"
"2024","Franklin","4-Tyler","Confirmed Victim","19"
"2024","Gregg","4-Tyler","Not Confirmed","832"
"2024","Gregg","4-Tyler","Confirmed Victim","337"
"2024","Harrison","4-Tyler","Not Confirmed","466"
"2024","Harrison","4-Tyler","Confirmed Victim","95"
"2024","Henderson","4-Tyler","Not Confirmed","702"
"2024","Henderson","4-Tyler","Confirmed Victim","325"
"2024","Hopkins","4-Tyler","Not Confirmed","291"
"2024","Hopkins","4-Tyler","Confirmed Victim","97"
"2024","Lamar","4-Tyler","Not Confirmed","429"
"2024","Lamar","4-Tyler","Confirmed Victim","125"
"2024","Marion","4-Tyler","Not Confirmed","85"
"2024","Marion","4-Tyler","Confirmed Victim","24"
"2024","Morris","4-Tyler","Not Confirmed","136"
"2024","Morris","4-Tyler","Confirmed Victim","42"
"2024","Panola","4-Tyler","Not Confirmed","156"
"2024","Panola","4-Tyler","Confirmed Victim","84"
"2024","Rains","4-Tyler","Not Confirmed","94"
"2024","Rains","4-Tyler","Confirmed Victim","15"
"2024","Red River","4-Tyler","Not Confirmed","128"
"2024","Red River","4-Tyler","Confirmed Victim","21"
"2024","Rusk","4-Tyler","Not Confirmed","357"
"2024","Rusk","4-Tyler","Confirmed Victim","160"
"2024","Smith","4-Tyler","Not Confirmed","1,512"
"2024","Smith","4-Tyler","Confirmed Victim","735"
"2024","Titus","4-Tyler","Not Confirmed","239"
"2024","Titus","4-Tyler","Confirmed Victim","74"
"2024","Upshur","4-Tyler","Not Confirmed","322"
"2024","Upshur","4-Tyler","Confirmed Victim","108"
"2024","Van Zandt","4-Tyler","Not Confirmed","399"
"2024","Van Zandt","4-Tyler","Confirmed Victim","119"
"2024","Wood","4-Tyler","Not Confirmed","281"
"2024","Wood","4-Tyler","Confirmed Victim","113"
"2024","Angelina","5-Beaumont","Not Confirmed","876"
"2024","Angelina","5-Beaumont","Confirmed Victim","194"
"2024","Hardin","5-Beaumont","Not Confirmed","392"
"2024","Hardin","5-Beaumont","Confirmed Victim","101"
"2024","Houston","5-Beaumont","Not Confirmed","177"
"2024","Houston","5-Beaumont","Confirmed Victim","60"
"2024","Jasper","5-Beaumont","Not Confirmed","280"
"2024","Jasper","5-Beaumont","Confirmed Victim","46"
"2024","Jefferson","5-Beaumont","Not Confirmed","1,814"
"2024","Jefferson","5-Beaumont","Confirmed Victim","535"
"2024","Nacogdoches","5-Beaumont","Not Confirmed","427"
"2024","Nacogdoches","5-Beaumont","Confirmed Victim","151"
"2024","Newton","5-Beaumont","Not Confirmed","101"
"2024","Newton","5-Beaumont","Confirmed Victim","21"
"2024","Orange","5-Beaumont","Not Confirmed","679"
"2024","Orange","5-Beaumont","Confirmed Victim","155"
"2024","Polk","5-Beaumont","Not Confirmed","517"
"2024","Polk","5-Beaumont","Confirmed Victim","133"
"2024","Sabine","5-Beaumont","Not Confirmed","52"
"2024","Sabine","5-Beaumont","Confirmed Victim","22"
"2024","San Augustine","5-Beaumont","Not Confirmed","61"
"2024","San Augustine","5-Beaumont","Confirmed Victim","15"
"2024","San Jacinto","5-Beaumont","Not Confirmed","286"
"2024","San Jacinto","5-Beaumont","Confirmed Victim","56"
"2024","Shelby","5-Beaumont","Not Confirmed","172"
"2024","Shelby","5-Beaumont","Confirmed Victim","72"
"2024","Trinity","5-Beaumont","Not Confirmed","101"
"2024","Trinity","5-Beaumont","Confirmed Victim","32"
"2024","Tyler","5-Beaumont","Not Confirmed","197"
"2024","Tyler","5-Beaumont","Confirmed Victim","49"
"2024","Austin","6-Houston","Not Confirmed","181"
"2024","Austin","6-Houston","Confirmed Victim","39"
"2024","Brazoria","6-Houston","Not Confirmed","1,720"
"2024","Brazoria","6-Houston","Confirmed Victim","498"
"2024","Chambers","6-Houston","Not Confirmed","298"
"2024","Chambers","6-Houston","Confirmed Victim","92"
"2024","Colorado","6-Houston","Not Confirmed","120"
"2024","Colorado","6-Houston","Confirmed Victim","21"
"2024","Fort Bend","6-Houston","Not Confirmed","3,401"
"2024","Fort Bend","6-Houston","Confirmed Victim","477"
"2024","Galveston","6-Houston","Not Confirmed","1,685"
"2024","Galveston","6-Houston","Confirmed Victim","581"
"2024","Harris","6-Houston","Not Confirmed","27,460"
"2024","Harris","6-Houston","Confirmed Victim","5,959"
"2024","Liberty","6-Houston","Not Confirmed","800"
"2024","Liberty","6-Houston","Confirmed Victim","237"
"2024","Matagorda","6-Houston","Not Confirmed","307"
"2024","Matagorda","6-Houston","Confirmed Victim","65"
"2024","Montgomery","6-Houston","Not Confirmed","4,243"
"2024","Montgomery","6-Houston","Confirmed Victim","800"
"2024","Walker","6-Houston","Not Confirmed","433"
"2024","Walker","6-Houston","Confirmed Victim","85"
"2024","Waller","6-Houston","Not Confirmed","311"
"2024","Waller","6-Houston","Confirmed Victim","48"
"2024","Wharton","6-Houston","Not Confirmed","273"
"2024","Wharton","6-Houston","Confirmed Victim","56"
"2024","Bastrop","7-Austin","Not Confirmed","675"
"2024","Bastrop","7-Austin","Confirmed Victim","220"
"2024","Bell","7-Austin","Not Confirmed","3,342"
"2024","Bell","7-Austin","Confirmed Victim","1,353"
"2024","Blanco","7-Austin","Not Confirmed","46"
"2024","Blanco","7-Austin","Confirmed Victim","14"
"2024","Bosque","7-Austin","Not Confirmed","118"
"2024","Bosque","7-Austin","Confirmed Victim","44"
"2024","Brazos","7-Austin","Not Confirmed","1,264"
"2024","Brazos","7-Austin","Confirmed Victim","459"
"2024","Burleson","7-Austin","Not Confirmed","129"
"2024","Burleson","7-Austin","Confirmed Victim","39"
"2024","Burnet","7-Austin","Not Confirmed","334"
"2024","Burnet","7-Austin","Confirmed Victim","131"
"2024","Caldwell","7-Austin","Not Confirmed","390"
"2024","Caldwell","7-Austin","Confirmed Victim","100"
"2024","Coryell","7-Austin","Not Confirmed","752"
"2024","Coryell","7-Austin","Confirmed Victim","313"
"2024","Falls","7-Austin","Not Confirmed","106"
"2024","Falls","7-Austin","Confirmed Victim","79"
"2024","Fayette","7-Austin","Not Confirmed","143"
"2024","Fayette","7-Austin","Confirmed Victim","74"
"2024","Freestone","7-Austin","Not Confirmed","154"
"2024","Freestone","7-Austin","Confirmed Victim","41"
"2024","Grimes","7-Austin","Not Confirmed","193"
"2024","Grimes","7-Austin","Confirmed Victim","28"
"2024","Hamilton","7-Austin","Not Confirmed","93"
"2024","Hamilton","7-Austin","Confirmed Victim","26"
"2024","Hays","7-Austin","Not Confirmed","1,079"
"2024","Hays","7-Austin","Confirmed Victim","428"
"2024","Hill","7-Austin","Not Confirmed","279"
"2024","Hill","7-Austin","Confirmed Victim","150"
"2024","Lampasas","7-Austin","Not Confirmed","152"
"2024","Lampasas","7-Austin","Confirmed Victim","88"
"2024","Lee","7-Austin","Not Confirmed","106"
"2024","Lee","7-Austin","Confirmed Victim","39"
"2024","Leon","7-Austin","Not Confirmed","125"
"2024","Leon","7-Austin","Confirmed Victim","40"
"2024","Limestone","7-Austin","Not Confirmed","166"
"2024","Limestone","7-Austin","Confirmed Victim","82"
"2024","Llano","7-Austin","Not Confirmed","173"
"2024","Llano","7-Austin","Confirmed Victim","42"
"2024","Madison","7-Austin","Not Confirmed","82"
"2024","Madison","7-Austin","Confirmed Victim","19"
"2024","McLennan","7-Austin","Not Confirmed","1,946"
"2024","McLennan","7-Austin","Confirmed Victim","857"
"2024","Milam","7-Austin","Not Confirmed","249"
"2024","Milam","7-Austin","Confirmed Victim","64"
"2024","Mills","7-Austin","Not Confirmed","28"
"2024","Mills","7-Austin","Confirmed Victim","12"
"2024","Robertson","7-Austin","Not Confirmed","117"
"2024","Robertson","7-Austin","Confirmed Victim","75"
"2024","San Saba","7-Austin","Not Confirmed","24"
"2024","San Saba","7-Austin","Confirmed Victim","8"
"2024","Travis","7-Austin","Not Confirmed","5,883"
"2024","Travis","7-Austin","Confirmed Victim","1,787"
"2024","Washington","7-Austin","Not Confirmed","261"
"2024","Washington","7-Austin","Confirmed Victim","94"
"2024","Williamson","7-Austin","Not Confirmed","2,880"
"2024","Williamson","7-Austin","Confirmed Victim","719"
"2024","Atascosa","8-San Antonio","Not Confirmed","548"
"2024","Atascosa","8-San Antonio","Confirmed Victim","105"
"2024","Bandera","8-San Antonio","Not Confirmed","164"
"2024","Bandera","8-San Antonio","Confirmed Victim","58"
"2024","Bexar","8-San Antonio","Not Confirmed","15,198"
"2024","Bexar","8-San Antonio","Confirmed Victim","4,800"
"2024","Calhoun","8-San Antonio","Not Confirmed","110"
"2024","Calhoun","8-San Antonio","Confirmed Victim","24"
"2024","Comal","8-San Antonio","Not Confirmed","992"
"2024","Comal","8-San Antonio","Confirmed Victim","226"
"2024","DeWitt","8-San Antonio","Not Confirmed","186"
"2024","DeWitt","8-San Antonio","Confirmed Victim","79"
"2024","Dimmit","8-San Antonio","Not Confirmed","117"
"2024","Dimmit","8-San Antonio","Confirmed Victim","20"
"2024","Edwards","8-San Antonio","Not Confirmed","11"
"2024","Edwards","8-San Antonio","Confirmed Victim","2"
"2024","Frio","8-San Antonio","Not Confirmed","201"
"2024","Frio","8-San Antonio","Confirmed Victim","71"
"2024","Gillespie","8-San Antonio","Not Confirmed","146"
"2024","Gillespie","8-San Antonio","Confirmed Victim","43"
"2024","Goliad","8-San Antonio","Not Confirmed","51"
"2024","Goliad","8-San Antonio","Confirmed Victim","4"
"2024","Gonzales","8-San Antonio","Not Confirmed","224"
"2024","Gonzales","8-San Antonio","Confirmed Victim","51"
"2024","Guadalupe","8-San Antonio","Not Confirmed","1,386"
"2024","Guadalupe","8-San Antonio","Confirmed Victim","255"
"2024","Jackson","8-San Antonio","Not Confirmed","96"
"2024","Jackson","8-San Antonio","Confirmed Victim","23"
"2024","Karnes","8-San Antonio","Not Confirmed","129"
"2024","Karnes","8-San Antonio","Confirmed Victim","21"
"2024","Kendall","8-San Antonio","Not Confirmed","244"
"2024","Kendall","8-San Antonio","Confirmed Victim","41"
"2024","Kerr","8-San Antonio","Not Confirmed","362"
"2024","Kerr","8-San Antonio","Confirmed Victim","108"
"2024","Kinney","8-San Antonio","Not Confirmed","14"
"2024","La Salle","8-San Antonio","Not Confirmed","65"
"2024","La Salle","8-San Antonio","Confirmed Victim","17"
"2024","Lavaca","8-San Antonio","Not Confirmed","161"
"2024","Lavaca","8-San Antonio","Confirmed Victim","28"
"2024","Maverick","8-San Antonio","Not Confirmed","241"
"2024","Maverick","8-San Antonio","Confirmed Victim","87"
"2024","Medina","8-San Antonio","Not Confirmed","307"
"2024","Medina","8-San Antonio","Confirmed Victim","108"
"2024","Real","8-San Antonio","Not Confirmed","24"
"2024","Real","8-San Antonio","Confirmed Victim","1"
"2024","Uvalde","8-San Antonio","Not Confirmed","247"
"2024","Uvalde","8-San Antonio","Confirmed Victim","50"
"2024","Val Verde","8-San Antonio","Not Confirmed","263"
"2024","Val Verde","8-San Antonio","Confirmed Victim","76"
"2024","Victoria","8-San Antonio","Not Confirmed","892"
"2024","Victoria","8-San Antonio","Confirmed Victim","301"
"2024","Wilson","8-San Antonio","Not Confirmed","298"
"2024","Wilson","8-San Antonio","Confirmed Victim","91"
"2024","Zavala","8-San Antonio","Not Confirmed","138"
"2024","Zavala","8-San Antonio","Confirmed Victim","14"
"2024","Andrews","9-Midland","Not Confirmed","134"
"2024","Andrews","9-Midland","Confirmed Victim","24"
"2024","Borden","9-Midland","Not Confirmed","2"
"2024","Coke","9-Midland","Not Confirmed","18"
"2024","Coke","9-Midland","Confirmed Victim","4"
"2024","Concho","9-Midland","Not Confirmed","12"
"2024","Concho","9-Midland","Confirmed Victim","6"
"2024","Crane","9-Midland","Not Confirmed","14"
"2024","Crane","9-Midland","Confirmed Victim","10"
"2024","Crockett","9-Midland","Not Confirmed","9"
"2024","Crockett","9-Midland","Confirmed Victim","8"
"2024","Dawson","9-Midland","Not Confirmed","128"
"2024","Dawson","9-Midland","Confirmed Victim","9"
"2024","Ector","9-Midland","Not Confirmed","1,443"
"2024","Ector","9-Midland","Confirmed Victim","343"
"2024","Gaines","9-Midland","Not Confirmed","133"
"2024","Gaines","9-Midland","Confirmed Victim","31"
"2024","Glasscock","9-Midland","Not Confirmed","4"
"2024","Howard","9-Midland","Not Confirmed","312"
"2024","Howard","9-Midland","Confirmed Victim","62"
"2024","Irion","9-Midland","Not Confirmed","13"
"2024","Kimble","9-Midland","Not Confirmed","41"
"2024","Kimble","9-Midland","Confirmed Victim","12"
"2024","Loving","9-Midland","Not Confirmed","1"
"2024","Loving","9-Midland","Confirmed Victim","1"
"2024","Martin","9-Midland","Not Confirmed","57"
"2024","Martin","9-Midland","Confirmed Victim","8"
"2024","Mason","9-Midland","Not Confirmed","14"
"2024","Mason","9-Midland","Confirmed Victim","1"
"2024","McCulloch","9-Midland","Not Confirmed","57"
"2024","McCulloch","9-Midland","Confirmed Victim","23"
"2024","Menard","9-Midland","Not Confirmed","5"
"2024","Menard","9-Midland","Confirmed Victim","3"
"2024","Midland","9-Midland","Not Confirmed","1,296"
"2024","Midland","9-Midland","Confirmed Victim","252"
"2024","Pecos","9-Midland","Not Confirmed","86"
"2024","Pecos","9-Midland","Confirmed Victim","43"
"2024","Reagan","9-Midland","Not Confirmed","27"
"2024","Reagan","9-Midland","Confirmed Victim","7"
"2024","Reeves","9-Midland","Not Confirmed","83"
"2024","Reeves","9-Midland","Confirmed Victim","27"
"2024","Schleicher","9-Midland","Not Confirmed","11"
"2024","Schleicher","9-Midland","Confirmed Victim","3"
"2024","Sterling","9-Midland","Not Confirmed","7"
"2024","Sterling","9-Midland","Confirmed Victim","4"
"2024","Sutton","9-Midland","Not Confirmed","18"
"2024","Sutton","9-Midland","Confirmed Victim","8"
"2024","Terrell","9-Midland","Not Confirmed","1"
"2024","Tom Green","9-Midland","Not Confirmed","866"
"2024","Tom Green","9-Midland","Confirmed Victim","176"
"2024","Upton","9-Midland","Not Confirmed","10"
"2024","Upton","9-Midland","Confirmed Victim","14"
"2024","Ward","9-Midland","Not Confirmed","72"
"2024","Ward","9-Midland","Confirmed Victim","49"
"2024","Winkler","9-Midland","Not Confirmed","40"
"2024","Winkler","9-Midland","Confirmed Victim","14"
"2024","Brewster","10-El Paso","Not Confirmed","38"
"2024","Brewster","10-El Paso","Confirmed Victim","10"
"2024","Culberson","10-El Paso","Not Confirmed","16"
"2024","Culberson","10-El Paso","Confirmed Victim","4"
"2024","El Paso","10-El Paso","Not Confirmed","5,081"
"2024","El Paso","10-El Paso","Confirmed Victim","1,173"
"2024","Hudspeth","10-El Paso","Not Confirmed","18"
"2024","Hudspeth","10-El Paso","Confirmed Victim","6"
"2024","Jeff Davis","10-El Paso","Not Confirmed","7"
"2024","Jeff Davis","10-El Paso","Confirmed Victim","3"
"2024","Presidio","10-El Paso","Not Confirmed","26"
"2024","Presidio","10-El Paso","Confirmed Victim","15"
"2024","Aransas","11-Edinburg","Not Confirmed","183"
"2024","Aransas","11-Edinburg","Confirmed Victim","55"
"2024","Bee","11-Edinburg","Not Confirmed","217"
"2024","Bee","11-Edinburg","Confirmed Victim","52"
"2024","Brooks","11-Edinburg","Not Confirmed","103"
"2024","Brooks","11-Edinburg","Confirmed Victim","25"
"2024","Cameron","11-Edinburg","Not Confirmed","2,571"
"2024","Cameron","11-Edinburg","Confirmed Victim","681"
"2024","Duval","11-Edinburg","Not Confirmed","114"
"2024","Duval","11-Edinburg","Confirmed Victim","37"
"2024","Hidalgo","11-Edinburg","Not Confirmed","5,728"
"2024","Hidalgo","11-Edinburg","Confirmed Victim","1,458"
"2024","Jim Hogg","11-Edinburg","Not Confirmed","44"
"2024","Jim Hogg","11-Edinburg","Confirmed Victim","14"
"2024","Jim Wells","11-Edinburg","Not Confirmed","414"
"2024","Jim Wells","11-Edinburg","Confirmed Victim","119"
"2024","Kenedy","11-Edinburg","Not Confirmed","2"
"2024","Kenedy","11-Edinburg","Confirmed Victim","1"
"2024","Kleberg","11-Edinburg","Not Confirmed","335"
"2024","Kleberg","11-Edinburg","Confirmed Victim","89"
"2024","Live Oak","11-Edinburg","Not Confirmed","98"
"2024","Live Oak","11-Edinburg","Confirmed Victim","19"
"2024","McMullen","11-Edinburg","Not Confirmed","2"
"2024","Nueces","11-Edinburg","Not Confirmed","2,620"
"2024","Nueces","11-Edinburg","Confirmed Victim","839"
"2024","Refugio","11-Edinburg","Not Confirmed","37"
"2024","Refugio","11-Edinburg","Confirmed Victim","4"
"2024","San Patricio","11-Edinburg","Not Confirmed","562"
"2024","San Patricio","11-Edinburg","Confirmed Victim","170"
"2024","Starr","11-Edinburg","Not Confirmed","313"
"2024","Starr","11-Edinburg","Confirmed Victim","38"
"2024","Webb","11-Edinburg","Not Confirmed","1,775"
"2024","Webb","11-Edinburg","Confirmed Victim","414"
"2024","Willacy","11-Edinburg","Not Confirmed","183"
"2024","Willacy","11-Edinburg","Confirmed Victim","95"
"2024","Zapata","11-Edinburg","Not Confirmed","83"
"2024","Zapata","11-Edinburg","Confirmed Victim","16"
"2024","Out of State","Out of State","Not Confirmed","36"
"2024","Out of State","Out of State","Confirmed Victim","8"
"2023","Armstrong","1-Lubbock","Not Confirmed","35"
"2023","Armstrong","1-Lubbock","Confirmed Victim","6"
"2023","Bailey","1-Lubbock","Not Confirmed","60"
"2023","Bailey","1-Lubbock","Confirmed Victim","11"
"2023","Briscoe","1-Lubbock","Confirmed Victim","1"
"2023","Carson","1-Lubbock","Not Confirmed","54"
"2023","Carson","1-Lubbock","Confirmed Victim","15"
"2023","Castro","1-Lubbock","Not Confirmed","36"
"2023","Castro","1-Lubbock","Confirmed Victim","19"
"2023","Childress","1-Lubbock","Not Confirmed","76"
"2023","Childress","1-Lubbock","Confirmed Victim","19"
"2023","Cochran","1-Lubbock","Not Confirmed","26"
"2023","Cochran","1-Lubbock","Confirmed Victim","3"
"2023","Collingsworth","1-Lubbock","Not Confirmed","10"
"2023","Collingsworth","1-Lubbock","Confirmed Victim","15"
"2023","Crosby","1-Lubbock","Not Confirmed","57"
"2023","Crosby","1-Lubbock","Confirmed Victim","13"
"2023","Dallam","1-Lubbock","Not Confirmed","53"
"2023","Dallam","1-Lubbock","Confirmed Victim","19"
"2023","Deaf Smith","1-Lubbock","Not Confirmed","192"
"2023","Deaf Smith","1-Lubbock","Confirmed Victim","55"
"2023","Dickens","1-Lubbock","Not Confirmed","10"
"2023","Dickens","1-Lubbock","Confirmed Victim","2"
"2023","Donley","1-Lubbock","Not Confirmed","26"
"2023","Donley","1-Lubbock","Confirmed Victim","18"
"2023","Floyd","1-Lubbock","Not Confirmed","29"
"2023","Floyd","1-Lubbock","Confirmed Victim","14"
"2023","Garza","1-Lubbock","Not Confirmed","45"
"2023","Garza","1-Lubbock","Confirmed Victim","8"
"2023","Gray","1-Lubbock","Not Confirmed","292"
"2023","Gray","1-Lubbock","Confirmed Victim","83"
"2023","Hale","1-Lubbock","Not Confirmed","312"
"2023","Hale","1-Lubbock","Confirmed Victim","122"
"2023","Hall","1-Lubbock","Not Confirmed","30"
"2023","Hall","1-Lubbock","Confirmed Victim","15"
"2023","Hansford","1-Lubbock","Not Confirmed","18"
"2023","Hansford","1-Lubbock","Confirmed Victim","12"
"2023","Hartley","1-Lubbock","Not Confirmed","28"
"2023","Hartley","1-Lubbock","Confirmed Victim","3"
"2023","Hemphill","1-Lubbock","Not Confirmed","12"
"2023","Hemphill","1-Lubbock","Confirmed Victim","9"
"2023","Hockley","1-Lubbock","Not Confirmed","190"
"2023","Hockley","1-Lubbock","Confirmed Victim","45"
"2023","Hutchinson","1-Lubbock","Not Confirmed","201"
"2023","Hutchinson","1-Lubbock","Confirmed Victim","46"
"2023","Lamb","1-Lubbock","Not Confirmed","116"
"2023","Lamb","1-Lubbock","Confirmed Victim","32"
"2023","Lipscomb","1-Lubbock","Not Confirmed","19"
"2023","Lipscomb","1-Lubbock","Confirmed Victim","1"
"2023","Lubbock","1-Lubbock","Not Confirmed","2,782"
"2023","Lubbock","1-Lubbock","Confirmed Victim","735"
"2023","Lynn","1-Lubbock","Not Confirmed","55"
"2023","Lynn","1-Lubbock","Confirmed Victim","10"
"2023","Moore","1-Lubbock","Not Confirmed","227"
"2023","Moore","1-Lubbock","Confirmed Victim","92"
"2023","Motley","1-Lubbock","Not Confirmed","14"
"2023","Motley","1-Lubbock","Confirmed Victim","2"
"2023","Ochiltree","1-Lubbock","Not Confirmed","62"
"2023","Ochiltree","1-Lubbock","Confirmed Victim","31"
"2023","Oldham","1-Lubbock","Not Confirmed","8"
"2023","Oldham","1-Lubbock","Confirmed Victim","2"
"2023","Parmer","1-Lubbock","Not Confirmed","58"
"2023","Parmer","1-Lubbock","Confirmed Victim","12"
"2023","Potter","1-Lubbock","Not Confirmed","1,797"
"2023","Potter","1-Lubbock","Confirmed Victim","456"
"2023","Randall","1-Lubbock","Not Confirmed","1,162"
"2023","Randall","1-Lubbock","Confirmed Victim","291"
"2023","Roberts","1-Lubbock","Not Confirmed","3"
"2023","Roberts","1-Lubbock","Confirmed Victim","1"
"2023","Sherman","1-Lubbock","Not Confirmed","16"
"2023","Sherman","1-Lubbock","Confirmed Victim","17"
"2023","Swisher","1-Lubbock","Not Confirmed","79"
"2023","Swisher","1-Lubbock","Confirmed Victim","16"
"2023","Terry","1-Lubbock","Not Confirmed","140"
"2023","Terry","1-Lubbock","Confirmed Victim","53"
"2023","Wheeler","1-Lubbock","Not Confirmed","30"
"2023","Wheeler","1-Lubbock","Confirmed Victim","29"
"2023","Yoakum","1-Lubbock","Not Confirmed","49"
"2023","Yoakum","1-Lubbock","Confirmed Victim","12"
"2023","Archer","2-Abilene","Not Confirmed","61"
"2023","Archer","2-Abilene","Confirmed Victim","29"
"2023","Baylor","2-Abilene","Not Confirmed","44"
"2023","Baylor","2-Abilene","Confirmed Victim","14"
"2023","Brown","2-Abilene","Not Confirmed","411"
"2023","Brown","2-Abilene","Confirmed Victim","162"
"2023","Callahan","2-Abilene","Not Confirmed","123"
"2023","Callahan","2-Abilene","Confirmed Victim","84"
"2023","Clay","2-Abilene","Not Confirmed","71"
"2023","Clay","2-Abilene","Confirmed Victim","22"
"2023","Coleman","2-Abilene","Not Confirmed","67"
"2023","Coleman","2-Abilene","Confirmed Victim","25"
"2023","Comanche","2-Abilene","Not Confirmed","119"
"2023","Comanche","2-Abilene","Confirmed Victim","88"
"2023","Cottle","2-Abilene","Not Confirmed","13"
"2023","Cottle","2-Abilene","Confirmed Victim","5"
"2023","Eastland","2-Abilene","Not Confirmed","166"
"2023","Eastland","2-Abilene","Confirmed Victim","87"
"2023","Fisher","2-Abilene","Not Confirmed","15"
"2023","Fisher","2-Abilene","Confirmed Victim","10"
"2023","Foard","2-Abilene","Not Confirmed","3"
"2023","Hardeman","2-Abilene","Not Confirmed","48"
"2023","Hardeman","2-Abilene","Confirmed Victim","6"
"2023","Haskell","2-Abilene","Not Confirmed","34"
"2023","Haskell","2-Abilene","Confirmed Victim","18"
"2023","Jack","2-Abilene","Not Confirmed","85"
"2023","Jack","2-Abilene","Confirmed Victim","21"
"2023","Jones","2-Abilene","Not Confirmed","170"
"2023","Jones","2-Abilene","Confirmed Victim","30"
"2023","Kent","2-Abilene","Not Confirmed","7"
"2023","Kent","2-Abilene","Confirmed Victim","2"
"2023","Knox","2-Abilene","Not Confirmed","39"
"2023","Knox","2-Abilene","Confirmed Victim","18"
"2023","Mitchell","2-Abilene","Not Confirmed","76"
"2023","Mitchell","2-Abilene","Confirmed Victim","23"
"2023","Montague","2-Abilene","Not Confirmed","240"
"2023","Montague","2-Abilene","Confirmed Victim","66"
"2023","Nolan","2-Abilene","Not Confirmed","240"
"2023","Nolan","2-Abilene","Confirmed Victim","85"
"2023","Runnels","2-Abilene","Not Confirmed","93"
"2023","Runnels","2-Abilene","Confirmed Victim","23"
"2023","Scurry","2-Abilene","Not Confirmed","182"
"2023","Scurry","2-Abilene","Confirmed Victim","94"
"2023","Shackelford","2-Abilene","Not Confirmed","38"
"2023","Shackelford","2-Abilene","Confirmed Victim","1"
"2023","Stephens","2-Abilene","Not Confirmed","72"
"2023","Stephens","2-Abilene","Confirmed Victim","53"
"2023","Stonewall","2-Abilene","Not Confirmed","2"
"2023","Stonewall","2-Abilene","Confirmed Victim","1"
"2023","Taylor","2-Abilene","Not Confirmed","1,939"
"2023","Taylor","2-Abilene","Confirmed Victim","896"
"2023","Throckmorton","2-Abilene","Not Confirmed","12"
"2023","Throckmorton","2-Abilene","Confirmed Victim","5"
"2023","Wichita","2-Abilene","Not Confirmed","1,551"
"2023","Wichita","2-Abilene","Confirmed Victim","548"
"2023","Wilbarger","2-Abilene","Not Confirmed","132"
"2023","Wilbarger","2-Abilene","Confirmed Victim","44"
"2023","Young","2-Abilene","Not Confirmed","153"
"2023","Young","2-Abilene","Confirmed Victim","57"
"2023","Collin","3-Arlington","Not Confirmed","4,168"
"2023","Collin","3-Arlington","Confirmed Victim","1,094"
"2023","Cooke","3-Arlington","Not Confirmed","402"
"2023","Cooke","3-Arlington","Confirmed Victim","116"
"2023","Dallas","3-Arlington","Not Confirmed","16,552"
"2023","Dallas","3-Arlington","Confirmed Victim","5,702"
"2023","Denton","3-Arlington","Not Confirmed","4,415"
"2023","Denton","3-Arlington","Confirmed Victim","1,148"
"2023","Ellis","3-Arlington","Not Confirmed","1,303"
"2023","Ellis","3-Arlington","Confirmed Victim","285"
"2023","Erath","3-Arlington","Not Confirmed","359"
"2023","Erath","3-Arlington","Confirmed Victim","52"
"2023","Fannin","3-Arlington","Not Confirmed","325"
"2023","Fannin","3-Arlington","Confirmed Victim","57"
"2023","Grayson","3-Arlington","Not Confirmed","1,354"
"2023","Grayson","3-Arlington","Confirmed Victim","258"
"2023","Hood","3-Arlington","Not Confirmed","590"
"2023","Hood","3-Arlington","Confirmed Victim","190"
"2023","Hunt","3-Arlington","Not Confirmed","1,039"
"2023","Hunt","3-Arlington","Confirmed Victim","232"
"2023","Johnson","3-Arlington","Not Confirmed","1,449"
"2023","Johnson","3-Arlington","Confirmed Victim","534"
"2023","Kaufman","3-Arlington","Not Confirmed","1,316"
"2023","Kaufman","3-Arlington","Confirmed Victim","268"
"2023","Navarro","3-Arlington","Not Confirmed","413"
"2023","Navarro","3-Arlington","Confirmed Victim","96"
"2023","Palo Pinto","3-Arlington","Not Confirmed","313"
"2023","Palo Pinto","3-Arlington","Confirmed Victim","90"
"2023","Parker","3-Arlington","Not Confirmed","1,045"
"2023","Parker","3-Arlington","Confirmed Victim","305"
"2023","Rockwall","3-Arlington","Not Confirmed","721"
"2023","Rockwall","3-Arlington","Confirmed Victim","158"
"2023","Somervell","3-Arlington","Not Confirmed","103"
"2023","Somervell","3-Arlington","Confirmed Victim","26"
"2023","Tarrant","3-Arlington","Not Confirmed","15,132"
"2023","Tarrant","3-Arlington","Confirmed Victim","5,332"
"2023","Wise","3-Arlington","Not Confirmed","530"
"2023","Wise","3-Arlington","Confirmed Victim","193"
"2023","Anderson","4-Tyler","Not Confirmed","390"
"2023","Anderson","4-Tyler","Confirmed Victim","96"
"2023","Bowie","4-Tyler","Not Confirmed","748"
"2023","Bowie","4-Tyler","Confirmed Victim","199"
"2023","Camp","4-Tyler","Not Confirmed","81"
"2023","Camp","4-Tyler","Confirmed Victim","35"
"2023","Cass","4-Tyler","Not Confirmed","219"
"2023","Cass","4-Tyler","Confirmed Victim","71"
"2023","Cherokee","4-Tyler","Not Confirmed","586"
"2023","Cherokee","4-Tyler","Confirmed Victim","194"
"2023","Delta","4-Tyler","Not Confirmed","41"
"2023","Delta","4-Tyler","Confirmed Victim","9"
"2023","Franklin","4-Tyler","Not Confirmed","77"
"2023","Franklin","4-Tyler","Confirmed Victim","22"
"2023","Gregg","4-Tyler","Not Confirmed","1,249"
"2023","Gregg","4-Tyler","Confirmed Victim","413"
"2023","Harrison","4-Tyler","Not Confirmed","574"
"2023","Harrison","4-Tyler","Confirmed Victim","129"
"2023","Henderson","4-Tyler","Not Confirmed","894"
"2023","Henderson","4-Tyler","Confirmed Victim","292"
"2023","Hopkins","4-Tyler","Not Confirmed","339"
"2023","Hopkins","4-Tyler","Confirmed Victim","126"
"2023","Lamar","4-Tyler","Not Confirmed","543"
"2023","Lamar","4-Tyler","Confirmed Victim","187"
"2023","Marion","4-Tyler","Not Confirmed","112"
"2023","Marion","4-Tyler","Confirmed Victim","39"
"2023","Morris","4-Tyler","Not Confirmed","129"
"2023","Morris","4-Tyler","Confirmed Victim","29"
"2023","Panola","4-Tyler","Not Confirmed","189"
"2023","Panola","4-Tyler","Confirmed Victim","71"
"2023","Rains","4-Tyler","Not Confirmed","112"
"2023","Rains","4-Tyler","Confirmed Victim","39"
"2023","Red River","4-Tyler","Not Confirmed","113"
"2023","Red River","4-Tyler","Confirmed Victim","26"
"2023","Rusk","4-Tyler","Not Confirmed","457"
"2023","Rusk","4-Tyler","Confirmed Victim","151"
"2023","Smith","4-Tyler","Not Confirmed","1,803"
"2023","Smith","4-Tyler","Confirmed Victim","683"
"2023","Titus","4-Tyler","Not Confirmed","209"
"2023","Titus","4-Tyler","Confirmed Victim","76"
"2023","Upshur","4-Tyler","Not Confirmed","365"
"2023","Upshur","4-Tyler","Confirmed Victim","130"
"2023","Van Zandt","4-Tyler","Not Confirmed","433"
"2023","Van Zandt","4-Tyler","Confirmed Victim","147"
"2023","Wood","4-Tyler","Not Confirmed","348"
"2023","Wood","4-Tyler","Confirmed Victim","131"
"2023","Angelina","5-Beaumont","Not Confirmed","986"
"2023","Angelina","5-Beaumont","Confirmed Victim","352"
"2023","Hardin","5-Beaumont","Not Confirmed","506"
"2023","Hardin","5-Beaumont","Confirmed Victim","144"
"2023","Houston","5-Beaumont","Not Confirmed","218"
"2023","Houston","5-Beaumont","Confirmed Victim","49"
"2023","Jasper","5-Beaumont","Not Confirmed","342"
"2023","Jasper","5-Beaumont","Confirmed Victim","96"
"2023","Jefferson","5-Beaumont","Not Confirmed","1,984"
"2023","Jefferson","5-Beaumont","Confirmed Victim","625"
"2023","Nacogdoches","5-Beaumont","Not Confirmed","466"
"2023","Nacogdoches","5-Beaumont","Confirmed Victim","215"
"2023","Newton","5-Beaumont","Not Confirmed","91"
"2023","Newton","5-Beaumont","Confirmed Victim","17"
"2023","Orange","5-Beaumont","Not Confirmed","866"
"2023","Orange","5-Beaumont","Confirmed Victim","254"
"2023","Polk","5-Beaumont","Not Confirmed","504"
"2023","Polk","5-Beaumont","Confirmed Victim","157"
"2023","Sabine","5-Beaumont","Not Confirmed","106"
"2023","Sabine","5-Beaumont","Confirmed Victim","26"
"2023","San Augustine","5-Beaumont","Not Confirmed","81"
"2023","San Augustine","5-Beaumont","Confirmed Victim","32"
"2023","San Jacinto","5-Beaumont","Not Confirmed","278"
"2023","San Jacinto","5-Beaumont","Confirmed Victim","84"
"2023","Shelby","5-Beaumont","Not Confirmed","182"
"2023","Shelby","5-Beaumont","Confirmed Victim","83"
"2023","Trinity","5-Beaumont","Not Confirmed","168"
"2023","Trinity","5-Beaumont","Confirmed Victim","40"
"2023","Tyler","5-Beaumont","Not Confirmed","226"
"2023","Tyler","5-Beaumont","Confirmed Victim","41"
"2023","Austin","6-Houston","Not Confirmed","158"
"2023","Austin","6-Houston","Confirmed Victim","36"
"2023","Brazoria","6-Houston","Not Confirmed","2,086"
"2023","Brazoria","6-Houston","Confirmed Victim","575"
"2023","Chambers","6-Houston","Not Confirmed","283"
"2023","Chambers","6-Houston","Confirmed Victim","69"
"2023","Colorado","6-Houston","Not Confirmed","109"
"2023","Colorado","6-Houston","Confirmed Victim","12"
"2023","Fort Bend","6-Houston","Not Confirmed","3,531"
"2023","Fort Bend","6-Houston","Confirmed Victim","477"
"2023","Galveston","6-Houston","Not Confirmed","1,842"
"2023","Galveston","6-Houston","Confirmed Victim","547"
"2023","Harris","6-Houston","Not Confirmed","30,816"
"2023","Harris","6-Houston","Confirmed Victim","5,903"
"2023","Liberty","6-Houston","Not Confirmed","983"
"2023","Liberty","6-Houston","Confirmed Victim","208"
"2023","Matagorda","6-Houston","Not Confirmed","329"
"2023","Matagorda","6-Houston","Confirmed Victim","114"
"2023","Montgomery","6-Houston","Not Confirmed","4,731"
"2023","Montgomery","6-Houston","Confirmed Victim","759"
"2023","Walker","6-Houston","Not Confirmed","475"
"2023","Walker","6-Houston","Confirmed Victim","94"
"2023","Waller","6-Houston","Not Confirmed","263"
"2023","Waller","6-Houston","Confirmed Victim","53"
"2023","Wharton","6-Houston","Not Confirmed","263"
"2023","Wharton","6-Houston","Confirmed Victim","78"
"2023","Bastrop","7-Austin","Not Confirmed","696"
"2023","Bastrop","7-Austin","Confirmed Victim","250"
"2023","Bell","7-Austin","Not Confirmed","3,880"
"2023","Bell","7-Austin","Confirmed Victim","1,612"
"2023","Blanco","7-Austin","Not Confirmed","50"
"2023","Blanco","7-Austin","Confirmed Victim","16"
"2023","Bosque","7-Austin","Not Confirmed","128"
"2023","Bosque","7-Austin","Confirmed Victim","68"
"2023","Brazos","7-Austin","Not Confirmed","1,606"
"2023","Brazos","7-Austin","Confirmed Victim","480"
"2023","Burleson","7-Austin","Not Confirmed","172"
"2023","Burleson","7-Austin","Confirmed Victim","35"
"2023","Burnet","7-Austin","Not Confirmed","418"
"2023","Burnet","7-Austin","Confirmed Victim","155"
"2023","Caldwell","7-Austin","Not Confirmed","461"
"2023","Caldwell","7-Austin","Confirmed Victim","140"
"2023","Coryell","7-Austin","Not Confirmed","1,069"
"2023","Coryell","7-Austin","Confirmed Victim","369"
"2023","Falls","7-Austin","Not Confirmed","134"
"2023","Falls","7-Austin","Confirmed Victim","67"
"2023","Fayette","7-Austin","Not Confirmed","162"
"2023","Fayette","7-Austin","Confirmed Victim","50"
"2023","Freestone","7-Austin","Not Confirmed","167"
"2023","Freestone","7-Austin","Confirmed Victim","49"
"2023","Grimes","7-Austin","Not Confirmed","251"
"2023","Grimes","7-Austin","Confirmed Victim","43"
"2023","Hamilton","7-Austin","Not Confirmed","99"
"2023","Hamilton","7-Austin","Confirmed Victim","26"
"2023","Hays","7-Austin","Not Confirmed","1,260"
"2023","Hays","7-Austin","Confirmed Victim","458"
"2023","Hill","7-Austin","Not Confirmed","329"
"2023","Hill","7-Austin","Confirmed Victim","170"
"2023","Lampasas","7-Austin","Not Confirmed","220"
"2023","Lampasas","7-Austin","Confirmed Victim","84"
"2023","Lee","7-Austin","Not Confirmed","130"
"2023","Lee","7-Austin","Confirmed Victim","46"
"2023","Leon","7-Austin","Not Confirmed","90"
"2023","Leon","7-Austin","Confirmed Victim","36"
"2023","Limestone","7-Austin","Not Confirmed","178"
"2023","Limestone","7-Austin","Confirmed Victim","58"
"2023","Llano","7-Austin","Not Confirmed","180"
"2023","Llano","7-Austin","Confirmed Victim","78"
"2023","Madison","7-Austin","Not Confirmed","92"
"2023","Madison","7-Austin","Confirmed Victim","31"
"2023","McLennan","7-Austin","Not Confirmed","2,572"
"2023","McLennan","7-Austin","Confirmed Victim","897"
"2023","Milam","7-Austin","Not Confirmed","170"
"2023","Milam","7-Austin","Confirmed Victim","87"
"2023","Mills","7-Austin","Not Confirmed","31"
"2023","Mills","7-Austin","Confirmed Victim","10"
"2023","Robertson","7-Austin","Not Confirmed","105"
"2023","Robertson","7-Austin","Confirmed Victim","86"
"2023","San Saba","7-Austin","Not Confirmed","49"
"2023","San Saba","7-Austin","Confirmed Victim","10"
"2023","Travis","7-Austin","Not Confirmed","6,690"
"2023","Travis","7-Austin","Confirmed Victim","1,808"
"2023","Washington","7-Austin","Not Confirmed","230"
"2023","Washington","7-Austin","Confirmed Victim","80"
"2023","Williamson","7-Austin","Not Confirmed","3,015"
"2023","Williamson","7-Austin","Confirmed Victim","881"
"2023","Atascosa","8-San Antonio","Not Confirmed","665"
"2023","Atascosa","8-San Antonio","Confirmed Victim","139"
"2023","Bandera","8-San Antonio","Not Confirmed","135"
"2023","Bandera","8-San Antonio","Confirmed Victim","45"
"2023","Bexar","8-San Antonio","Not Confirmed","17,220"
"2023","Bexar","8-San Antonio","Confirmed Victim","4,677"
"2023","Calhoun","8-San Antonio","Not Confirmed","130"
"2023","Calhoun","8-San Antonio","Confirmed Victim","24"
"2023","Comal","8-San Antonio","Not Confirmed","1,194"
"2023","Comal","8-San Antonio","Confirmed Victim","248"
"2023","DeWitt","8-San Antonio","Not Confirmed","187"
"2023","DeWitt","8-San Antonio","Confirmed Victim","30"
"2023","Dimmit","8-San Antonio","Not Confirmed","103"
"2023","Dimmit","8-San Antonio","Confirmed Victim","35"
"2023","Edwards","8-San Antonio","Not Confirmed","22"
"2023","Edwards","8-San Antonio","Confirmed Victim","5"
"2023","Frio","8-San Antonio","Not Confirmed","215"
"2023","Frio","8-San Antonio","Confirmed Victim","76"
"2023","Gillespie","8-San Antonio","Not Confirmed","128"
"2023","Gillespie","8-San Antonio","Confirmed Victim","32"
"2023","Goliad","8-San Antonio","Not Confirmed","48"
"2023","Goliad","8-San Antonio","Confirmed Victim","14"
"2023","Gonzales","8-San Antonio","Not Confirmed","238"
"2023","Gonzales","8-San Antonio","Confirmed Victim","46"
"2023","Guadalupe","8-San Antonio","Not Confirmed","1,415"
"2023","Guadalupe","8-San Antonio","Confirmed Victim","263"
"2023","Jackson","8-San Antonio","Not Confirmed","103"
"2023","Jackson","8-San Antonio","Confirmed Victim","22"
"2023","Karnes","8-San Antonio","Not Confirmed","97"
"2023","Karnes","8-San Antonio","Confirmed Victim","27"
"2023","Kendall","8-San Antonio","Not Confirmed","222"
"2023","Kendall","8-San Antonio","Confirmed Victim","34"
"2023","Kerr","8-San Antonio","Not Confirmed","419"
"2023","Kerr","8-San Antonio","Confirmed Victim","138"
"2023","Kinney","8-San Antonio","Not Confirmed","11"
"2023","Kinney","8-San Antonio","Confirmed Victim","4"
"2023","La Salle","8-San Antonio","Not Confirmed","118"
"2023","La Salle","8-San Antonio","Confirmed Victim","30"
"2023","Lavaca","8-San Antonio","Not Confirmed","145"
"2023","Lavaca","8-San Antonio","Confirmed Victim","22"
"2023","Maverick","8-San Antonio","Not Confirmed","271"
"2023","Maverick","8-San Antonio","Confirmed Victim","90"
"2023","Medina","8-San Antonio","Not Confirmed","422"
"2023","Medina","8-San Antonio","Confirmed Victim","122"
"2023","Real","8-San Antonio","Not Confirmed","63"
"2023","Real","8-San Antonio","Confirmed Victim","11"
"2023","Uvalde","8-San Antonio","Not Confirmed","308"
"2023","Uvalde","8-San Antonio","Confirmed Victim","84"
"2023","Val Verde","8-San Antonio","Not Confirmed","339"
"2023","Val Verde","8-San Antonio","Confirmed Victim","106"
"2023","Victoria","8-San Antonio","Not Confirmed","1,017"
"2023","Victoria","8-San Antonio","Confirmed Victim","274"
"2023","Wilson","8-San Antonio","Not Confirmed","274"
"2023","Wilson","8-San Antonio","Confirmed Victim","78"
"2023","Zavala","8-San Antonio","Not Confirmed","182"
"2023","Zavala","8-San Antonio","Confirmed Victim","60"
"2023","Andrews","9-Midland","Not Confirmed","172"
"2023","Andrews","9-Midland","Confirmed Victim","35"
"2023","Borden","9-Midland","Confirmed Victim","2"
"2023","Coke","9-Midland","Not Confirmed","31"
"2023","Coke","9-Midland","Confirmed Victim","1"
"2023","Concho","9-Midland","Not Confirmed","30"
"2023","Concho","9-Midland","Confirmed Victim","4"
"2023","Crane","9-Midland","Not Confirmed","31"
"2023","Crane","9-Midland","Confirmed Victim","7"
"2023","Crockett","9-Midland","Not Confirmed","27"
"2023","Crockett","9-Midland","Confirmed Victim","13"
"2023","Dawson","9-Midland","Not Confirmed","124"
"2023","Dawson","9-Midland","Confirmed Victim","38"
"2023","Ector","9-Midland","Not Confirmed","1,469"
"2023","Ector","9-Midland","Confirmed Victim","409"
"2023","Gaines","9-Midland","Not Confirmed","109"
"2023","Gaines","9-Midland","Confirmed Victim","13"
"2023","Glasscock","9-Midland","Not Confirmed","7"
"2023","Glasscock","9-Midland","Confirmed Victim","2"
"2023","Howard","9-Midland","Not Confirmed","380"
"2023","Howard","9-Midland","Confirmed Victim","58"
"2023","Irion","9-Midland","Not Confirmed","10"
"2023","Kimble","9-Midland","Not Confirmed","45"
"2023","Kimble","9-Midland","Confirmed Victim","22"
"2023","Loving","9-Midland","Not Confirmed","2"
"2023","Martin","9-Midland","Not Confirmed","44"
"2023","Martin","9-Midland","Confirmed Victim","19"
"2023","Mason","9-Midland","Not Confirmed","29"
"2023","Mason","9-Midland","Confirmed Victim","4"
"2023","McCulloch","9-Midland","Not Confirmed","87"
"2023","McCulloch","9-Midland","Confirmed Victim","18"
"2023","Menard","9-Midland","Not Confirmed","20"
"2023","Menard","9-Midland","Confirmed Victim","7"
"2023","Midland","9-Midland","Not Confirmed","1,412"
"2023","Midland","9-Midland","Confirmed Victim","293"
"2023","Pecos","9-Midland","Not Confirmed","92"
"2023","Pecos","9-Midland","Confirmed Victim","40"
"2023","Reagan","9-Midland","Not Confirmed","26"
"2023","Reagan","9-Midland","Confirmed Victim","10"
"2023","Reeves","9-Midland","Not Confirmed","99"
"2023","Reeves","9-Midland","Confirmed Victim","37"
"2023","Schleicher","9-Midland","Not Confirmed","17"
"2023","Schleicher","9-Midland","Confirmed Victim","6"
"2023","Sterling","9-Midland","Not Confirmed","4"
"2023","Sterling","9-Midland","Confirmed Victim","1"
"2023","Sutton","9-Midland","Not Confirmed","40"
"2023","Sutton","9-Midland","Confirmed Victim","10"
"2023","Terrell","9-Midland","Not Confirmed","7"
"2023","Tom Green","9-Midland","Not Confirmed","1,222"
"2023","Tom Green","9-Midland","Confirmed Victim","259"
"2023","Upton","9-Midland","Not Confirmed","48"
"2023","Upton","9-Midland","Confirmed Victim","18"
"2023","Ward","9-Midland","Not Confirmed","98"
"2023","Ward","9-Midland","Confirmed Victim","40"
"2023","Winkler","9-Midland","Not Confirmed","86"
"2023","Winkler","9-Midland","Confirmed Victim","32"
"2023","Brewster","10-El Paso","Not Confirmed","47"
"2023","Brewster","10-El Paso","Confirmed Victim","9"
"2023","Culberson","10-El Paso","Not Confirmed","12"
"2023","Culberson","10-El Paso","Confirmed Victim","14"
"2023","El Paso","10-El Paso","Not Confirmed","6,196"
"2023","El Paso","10-El Paso","Confirmed Victim","1,625"
"2023","Hudspeth","10-El Paso","Not Confirmed","36"
"2023","Hudspeth","10-El Paso","Confirmed Victim","9"
"2023","Jeff Davis","10-El Paso","Not Confirmed","9"
"2023","Presidio","10-El Paso","Not Confirmed","17"
"2023","Presidio","10-El Paso","Confirmed Victim","5"
"2023","Aransas","11-Edinburg","Not Confirmed","303"
"2023","Aransas","11-Edinburg","Confirmed Victim","82"
"2023","Bee","11-Edinburg","Not Confirmed","335"
"2023","Bee","11-Edinburg","Confirmed Victim","94"
"2023","Brooks","11-Edinburg","Not Confirmed","107"
"2023","Brooks","11-Edinburg","Confirmed Victim","36"
"2023","Cameron","11-Edinburg","Not Confirmed","3,638"
"2023","Cameron","11-Edinburg","Confirmed Victim","871"
"2023","Duval","11-Edinburg","Not Confirmed","131"
"2023","Duval","11-Edinburg","Confirmed Victim","40"
"2023","Hidalgo","11-Edinburg","Not Confirmed","7,029"
"2023","Hidalgo","11-Edinburg","Confirmed Victim","1,639"
"2023","Jim Hogg","11-Edinburg","Not Confirmed","59"
"2023","Jim Hogg","11-Edinburg","Confirmed Victim","14"
"2023","Jim Wells","11-Edinburg","Not Confirmed","508"
"2023","Jim Wells","11-Edinburg","Confirmed Victim","132"
"2023","Kenedy","11-Edinburg","Not Confirmed","1"
"2023","Kleberg","11-Edinburg","Not Confirmed","356"
"2023","Kleberg","11-Edinburg","Confirmed Victim","95"
"2023","Live Oak","11-Edinburg","Not Confirmed","78"
"2023","Live Oak","11-Edinburg","Confirmed Victim","17"
"2023","McMullen","11-Edinburg","Not Confirmed","7"
"2023","Nueces","11-Edinburg","Not Confirmed","3,095"
"2023","Nueces","11-Edinburg","Confirmed Victim","936"
"2023","Refugio","11-Edinburg","Not Confirmed","56"
"2023","Refugio","11-Edinburg","Confirmed Victim","13"
"2023","San Patricio","11-Edinburg","Not Confirmed","719"
"2023","San Patricio","11-Edinburg","Confirmed Victim","191"
"2023","Starr","11-Edinburg","Not Confirmed","386"
"2023","Starr","11-Edinburg","Confirmed Victim","46"
"2023","Webb","11-Edinburg","Not Confirmed","1,964"
"2023","Webb","11-Edinburg","Confirmed Victim","388"
"2023","Willacy","11-Edinburg","Not Confirmed","276"
"2023","Willacy","11-Edinburg","Confirmed Victim","76"
"2023","Zapata","11-Edinburg","Not Confirmed","94"
"2023","Zapata","11-Edinburg","Confirmed Victim","35"
"2023","Out of State","Out of State","Not Confirmed","34"
"2023","Out of State","Out of State","Confirmed Victim","6"
"2022","Armstrong","1-Lubbock","Not Confirmed","13"
"2022","Armstrong","1-Lubbock","Confirmed Victim","3"
"2022","Bailey","1-Lubbock","Not Confirmed","61"
"2022","Bailey","1-Lubbock","Confirmed Victim","11"
"2022","Briscoe","1-Lubbock","Not Confirmed","7"
"2022","Briscoe","1-Lubbock","Confirmed Victim","2"
"2022","Carson","1-Lubbock","Not Confirmed","36"
"2022","Carson","1-Lubbock","Confirmed Victim","6"
"2022","Castro","1-Lubbock","Not Confirmed","62"
"2022","Castro","1-Lubbock","Confirmed Victim","7"
"2022","Childress","1-Lubbock","Not Confirmed","66"
"2022","Childress","1-Lubbock","Confirmed Victim","26"
"2022","Cochran","1-Lubbock","Not Confirmed","21"
"2022","Cochran","1-Lubbock","Confirmed Victim","2"
"2022","Collingsworth","1-Lubbock","Not Confirmed","37"
"2022","Collingsworth","1-Lubbock","Confirmed Victim","11"
"2022","Crosby","1-Lubbock","Not Confirmed","53"
"2022","Crosby","1-Lubbock","Confirmed Victim","25"
"2022","Dallam","1-Lubbock","Not Confirmed","94"
"2022","Dallam","1-Lubbock","Confirmed Victim","10"
"2022","Deaf Smith","1-Lubbock","Not Confirmed","191"
"2022","Deaf Smith","1-Lubbock","Confirmed Victim","56"
"2022","Dickens","1-Lubbock","Not Confirmed","10"
"2022","Dickens","1-Lubbock","Confirmed Victim","3"
"2022","Donley","1-Lubbock","Not Confirmed","49"
"2022","Donley","1-Lubbock","Confirmed Victim","16"
"2022","Floyd","1-Lubbock","Not Confirmed","56"
"2022","Floyd","1-Lubbock","Confirmed Victim","8"
"2022","Garza","1-Lubbock","Not Confirmed","52"
"2022","Garza","1-Lubbock","Confirmed Victim","21"
"2022","Gray","1-Lubbock","Not Confirmed","235"
"2022","Gray","1-Lubbock","Confirmed Victim","93"
"2022","Hale","1-Lubbock","Not Confirmed","263"
"2022","Hale","1-Lubbock","Confirmed Victim","131"
"2022","Hall","1-Lubbock","Not Confirmed","32"
"2022","Hall","1-Lubbock","Confirmed Victim","22"
"2022","Hansford","1-Lubbock","Not Confirmed","37"
"2022","Hansford","1-Lubbock","Confirmed Victim","19"
"2022","Hartley","1-Lubbock","Not Confirmed","31"
"2022","Hartley","1-Lubbock","Confirmed Victim","1"
"2022","Hemphill","1-Lubbock","Not Confirmed","13"
"2022","Hemphill","1-Lubbock","Confirmed Victim","4"
"2022","Hockley","1-Lubbock","Not Confirmed","197"
"2022","Hockley","1-Lubbock","Confirmed Victim","66"
"2022","Hutchinson","1-Lubbock","Not Confirmed","284"
"2022","Hutchinson","1-Lubbock","Confirmed Victim","91"
"2022","King","1-Lubbock","Not Confirmed","2"
"2022","Lamb","1-Lubbock","Not Confirmed","134"
"2022","Lamb","1-Lubbock","Confirmed Victim","24"
"2022","Lipscomb","1-Lubbock","Not Confirmed","7"
"2022","Lipscomb","1-Lubbock","Confirmed Victim","3"
"2022","Lubbock","1-Lubbock","Not Confirmed","2,965"
"2022","Lubbock","1-Lubbock","Confirmed Victim","734"
"2022","Lynn","1-Lubbock","Not Confirmed","36"
"2022","Lynn","1-Lubbock","Confirmed Victim","14"
"2022","Moore","1-Lubbock","Not Confirmed","225"
"2022","Moore","1-Lubbock","Confirmed Victim","72"
"2022","Motley","1-Lubbock","Confirmed Victim","3"
"2022","Ochiltree","1-Lubbock","Not Confirmed","72"
"2022","Ochiltree","1-Lubbock","Confirmed Victim","13"
"2022","Oldham","1-Lubbock","Not Confirmed","10"
"2022","Oldham","1-Lubbock","Confirmed Victim","1"
"2022","Parmer","1-Lubbock","Not Confirmed","61"
"2022","Parmer","1-Lubbock","Confirmed Victim","14"
"2022","Potter","1-Lubbock","Not Confirmed","2,089"
"2022","Potter","1-Lubbock","Confirmed Victim","490"
"2022","Randall","1-Lubbock","Not Confirmed","1,282"
"2022","Randall","1-Lubbock","Confirmed Victim","286"
"2022","Roberts","1-Lubbock","Not Confirmed","7"
"2022","Roberts","1-Lubbock","Confirmed Victim","2"
"2022","Sherman","1-Lubbock","Not Confirmed","21"
"2022","Sherman","1-Lubbock","Confirmed Victim","11"
"2022","Swisher","1-Lubbock","Not Confirmed","100"
"2022","Swisher","1-Lubbock","Confirmed Victim","31"
"2022","Terry","1-Lubbock","Not Confirmed","141"
"2022","Terry","1-Lubbock","Confirmed Victim","51"
"2022","Wheeler","1-Lubbock","Not Confirmed","34"
"2022","Wheeler","1-Lubbock","Confirmed Victim","13"
"2022","Yoakum","1-Lubbock","Not Confirmed","29"
"2022","Yoakum","1-Lubbock","Confirmed Victim","10"
"2022","Archer","2-Abilene","Not Confirmed","45"
"2022","Archer","2-Abilene","Confirmed Victim","22"
"2022","Baylor","2-Abilene","Not Confirmed","44"
"2022","Baylor","2-Abilene","Confirmed Victim","6"
"2022","Brown","2-Abilene","Not Confirmed","454"
"2022","Brown","2-Abilene","Confirmed Victim","163"
"2022","Callahan","2-Abilene","Not Confirmed","149"
"2022","Callahan","2-Abilene","Confirmed Victim","87"
"2022","Clay","2-Abilene","Not Confirmed","98"
"2022","Clay","2-Abilene","Confirmed Victim","58"
"2022","Coleman","2-Abilene","Not Confirmed","76"
"2022","Coleman","2-Abilene","Confirmed Victim","38"
"2022","Comanche","2-Abilene","Not Confirmed","114"
"2022","Comanche","2-Abilene","Confirmed Victim","77"
"2022","Cottle","2-Abilene","Not Confirmed","31"
"2022","Cottle","2-Abilene","Confirmed Victim","2"
"2022","Eastland","2-Abilene","Not Confirmed","147"
"2022","Eastland","2-Abilene","Confirmed Victim","106"
"2022","Fisher","2-Abilene","Not Confirmed","30"
"2022","Fisher","2-Abilene","Confirmed Victim","19"
"2022","Foard","2-Abilene","Not Confirmed","10"
"2022","Foard","2-Abilene","Confirmed Victim","3"
"2022","Hardeman","2-Abilene","Not Confirmed","43"
"2022","Hardeman","2-Abilene","Confirmed Victim","6"
"2022","Haskell","2-Abilene","Not Confirmed","56"
"2022","Haskell","2-Abilene","Confirmed Victim","20"
"2022","Jack","2-Abilene","Not Confirmed","91"
"2022","Jack","2-Abilene","Confirmed Victim","31"
"2022","Jones","2-Abilene","Not Confirmed","148"
"2022","Jones","2-Abilene","Confirmed Victim","43"
"2022","Kent","2-Abilene","Not Confirmed","6"
"2022","Kent","2-Abilene","Confirmed Victim","8"
"2022","Knox","2-Abilene","Not Confirmed","29"
"2022","Knox","2-Abilene","Confirmed Victim","6"
"2022","Mitchell","2-Abilene","Not Confirmed","89"
"2022","Mitchell","2-Abilene","Confirmed Victim","35"
"2022","Montague","2-Abilene","Not Confirmed","202"
"2022","Montague","2-Abilene","Confirmed Victim","91"
"2022","Nolan","2-Abilene","Not Confirmed","243"
"2022","Nolan","2-Abilene","Confirmed Victim","105"
"2022","Runnels","2-Abilene","Not Confirmed","115"
"2022","Runnels","2-Abilene","Confirmed Victim","21"
"2022","Scurry","2-Abilene","Not Confirmed","198"
"2022","Scurry","2-Abilene","Confirmed Victim","90"
"2022","Shackelford","2-Abilene","Not Confirmed","28"
"2022","Shackelford","2-Abilene","Confirmed Victim","10"
"2022","Stephens","2-Abilene","Not Confirmed","55"
"2022","Stephens","2-Abilene","Confirmed Victim","55"
"2022","Stonewall","2-Abilene","Not Confirmed","13"
"2022","Taylor","2-Abilene","Not Confirmed","2,013"
"2022","Taylor","2-Abilene","Confirmed Victim","776"
"2022","Throckmorton","2-Abilene","Not Confirmed","14"
"2022","Wichita","2-Abilene","Not Confirmed","1,578"
"2022","Wichita","2-Abilene","Confirmed Victim","572"
"2022","Wilbarger","2-Abilene","Not Confirmed","144"
"2022","Wilbarger","2-Abilene","Confirmed Victim","32"
"2022","Young","2-Abilene","Not Confirmed","179"
"2022","Young","2-Abilene","Confirmed Victim","62"
"2022","Collin","3-Arlington","Not Confirmed","4,429"
"2022","Collin","3-Arlington","Confirmed Victim","1,096"
"2022","Cooke","3-Arlington","Not Confirmed","366"
"2022","Cooke","3-Arlington","Confirmed Victim","163"
"2022","Dallas","3-Arlington","Not Confirmed","17,094"
"2022","Dallas","3-Arlington","Confirmed Victim","5,818"
"2022","Denton","3-Arlington","Not Confirmed","4,766"
"2022","Denton","3-Arlington","Confirmed Victim","1,088"
"2022","Ellis","3-Arlington","Not Confirmed","1,206"
"2022","Ellis","3-Arlington","Confirmed Victim","260"
"2022","Erath","3-Arlington","Not Confirmed","373"
"2022","Erath","3-Arlington","Confirmed Victim","131"
"2022","Fannin","3-Arlington","Not Confirmed","310"
"2022","Fannin","3-Arlington","Confirmed Victim","75"
"2022","Grayson","3-Arlington","Not Confirmed","1,474"
"2022","Grayson","3-Arlington","Confirmed Victim","268"
"2022","Hood","3-Arlington","Not Confirmed","520"
"2022","Hood","3-Arlington","Confirmed Victim","208"
"2022","Hunt","3-Arlington","Not Confirmed","955"
"2022","Hunt","3-Arlington","Confirmed Victim","289"
"2022","Johnson","3-Arlington","Not Confirmed","1,519"
"2022","Johnson","3-Arlington","Confirmed Victim","421"
"2022","Kaufman","3-Arlington","Not Confirmed","1,261"
"2022","Kaufman","3-Arlington","Confirmed Victim","322"
"2022","Navarro","3-Arlington","Not Confirmed","460"
"2022","Navarro","3-Arlington","Confirmed Victim","99"
"2022","Palo Pinto","3-Arlington","Not Confirmed","278"
"2022","Palo Pinto","3-Arlington","Confirmed Victim","85"
"2022","Parker","3-Arlington","Not Confirmed","1,136"
"2022","Parker","3-Arlington","Confirmed Victim","459"
"2022","Rockwall","3-Arlington","Not Confirmed","582"
"2022","Rockwall","3-Arlington","Confirmed Victim","214"
"2022","Somervell","3-Arlington","Not Confirmed","110"
"2022","Somervell","3-Arlington","Confirmed Victim","22"
"2022","Tarrant","3-Arlington","Not Confirmed","15,905"
"2022","Tarrant","3-Arlington","Confirmed Victim","5,506"
"2022","Wise","3-Arlington","Not Confirmed","571"
"2022","Wise","3-Arlington","Confirmed Victim","186"
"2022","Anderson","4-Tyler","Not Confirmed","426"
"2022","Anderson","4-Tyler","Confirmed Victim","102"
"2022","Bowie","4-Tyler","Not Confirmed","858"
"2022","Bowie","4-Tyler","Confirmed Victim","222"
"2022","Camp","4-Tyler","Not Confirmed","103"
"2022","Camp","4-Tyler","Confirmed Victim","38"
"2022","Cass","4-Tyler","Not Confirmed","275"
"2022","Cass","4-Tyler","Confirmed Victim","73"
"2022","Cherokee","4-Tyler","Not Confirmed","633"
"2022","Cherokee","4-Tyler","Confirmed Victim","182"
"2022","Delta","4-Tyler","Not Confirmed","53"
"2022","Delta","4-Tyler","Confirmed Victim","6"
"2022","Franklin","4-Tyler","Not Confirmed","79"
"2022","Franklin","4-Tyler","Confirmed Victim","19"
"2022","Gregg","4-Tyler","Not Confirmed","1,184"
"2022","Gregg","4-Tyler","Confirmed Victim","425"
"2022","Harrison","4-Tyler","Not Confirmed","565"
"2022","Harrison","4-Tyler","Confirmed Victim","125"
"2022","Henderson","4-Tyler","Not Confirmed","916"
"2022","Henderson","4-Tyler","Confirmed Victim","221"
"2022","Hopkins","4-Tyler","Not Confirmed","370"
"2022","Hopkins","4-Tyler","Confirmed Victim","95"
"2022","Lamar","4-Tyler","Not Confirmed","493"
"2022","Lamar","4-Tyler","Confirmed Victim","96"
"2022","Marion","4-Tyler","Not Confirmed","77"
"2022","Marion","4-Tyler","Confirmed Victim","11"
"2022","Morris","4-Tyler","Not Confirmed","137"
"2022","Morris","4-Tyler","Confirmed Victim","44"
"2022","Panola","4-Tyler","Not Confirmed","181"
"2022","Panola","4-Tyler","Confirmed Victim","42"
"2022","Rains","4-Tyler","Not Confirmed","135"
"2022","Rains","4-Tyler","Confirmed Victim","15"
"2022","Red River","4-Tyler","Not Confirmed","163"
"2022","Red River","4-Tyler","Confirmed Victim","28"
"2022","Rusk","4-Tyler","Not Confirmed","348"
"2022","Rusk","4-Tyler","Confirmed Victim","112"
"2022","Smith","4-Tyler","Not Confirmed","1,829"
"2022","Smith","4-Tyler","Confirmed Victim","597"
"2022","Titus","4-Tyler","Not Confirmed","234"
"2022","Titus","4-Tyler","Confirmed Victim","67"
"2022","Upshur","4-Tyler","Not Confirmed","330"
"2022","Upshur","4-Tyler","Confirmed Victim","151"
"2022","Van Zandt","4-Tyler","Not Confirmed","555"
"2022","Van Zandt","4-Tyler","Confirmed Victim","88"
"2022","Wood","4-Tyler","Not Confirmed","297"
"2022","Wood","4-Tyler","Confirmed Victim","78"
"2022","Angelina","5-Beaumont","Not Confirmed","728"
"2022","Angelina","5-Beaumont","Confirmed Victim","278"
"2022","Hardin","5-Beaumont","Not Confirmed","468"
"2022","Hardin","5-Beaumont","Confirmed Victim","106"
"2022","Houston","5-Beaumont","Not Confirmed","168"
"2022","Houston","5-Beaumont","Confirmed Victim","36"
"2022","Jasper","5-Beaumont","Not Confirmed","331"
"2022","Jasper","5-Beaumont","Confirmed Victim","66"
"2022","Jefferson","5-Beaumont","Not Confirmed","1,694"
"2022","Jefferson","5-Beaumont","Confirmed Victim","554"
"2022","Nacogdoches","5-Beaumont","Not Confirmed","424"
"2022","Nacogdoches","5-Beaumont","Confirmed Victim","138"
"2022","Newton","5-Beaumont","Not Confirmed","79"
"2022","Newton","5-Beaumont","Confirmed Victim","16"
"2022","Orange","5-Beaumont","Not Confirmed","848"
"2022","Orange","5-Beaumont","Confirmed Victim","179"
"2022","Polk","5-Beaumont","Not Confirmed","521"
"2022","Polk","5-Beaumont","Confirmed Victim","104"
"2022","Sabine","5-Beaumont","Not Confirmed","80"
"2022","Sabine","5-Beaumont","Confirmed Victim","26"
"2022","San Augustine","5-Beaumont","Not Confirmed","73"
"2022","San Augustine","5-Beaumont","Confirmed Victim","13"
"2022","San Jacinto","5-Beaumont","Not Confirmed","241"
"2022","San Jacinto","5-Beaumont","Confirmed Victim","38"
"2022","Shelby","5-Beaumont","Not Confirmed","181"
"2022","Shelby","5-Beaumont","Confirmed Victim","45"
"2022","Trinity","5-Beaumont","Not Confirmed","130"
"2022","Trinity","5-Beaumont","Confirmed Victim","61"
"2022","Tyler","5-Beaumont","Not Confirmed","263"
"2022","Tyler","5-Beaumont","Confirmed Victim","46"
"2022","Austin","6-Houston","Not Confirmed","174"
"2022","Austin","6-Houston","Confirmed Victim","50"
"2022","Brazoria","6-Houston","Not Confirmed","2,175"
"2022","Brazoria","6-Houston","Confirmed Victim","493"
"2022","Chambers","6-Houston","Not Confirmed","301"
"2022","Chambers","6-Houston","Confirmed Victim","54"
"2022","Colorado","6-Houston","Not Confirmed","139"
"2022","Colorado","6-Houston","Confirmed Victim","27"
"2022","Fort Bend","6-Houston","Not Confirmed","3,643"
"2022","Fort Bend","6-Houston","Confirmed Victim","535"
"2022","Galveston","6-Houston","Not Confirmed","2,253"
"2022","Galveston","6-Houston","Confirmed Victim","659"
"2022","Harris","6-Houston","Not Confirmed","31,156"
"2022","Harris","6-Houston","Confirmed Victim","5,622"
"2022","Liberty","6-Houston","Not Confirmed","991"
"2022","Liberty","6-Houston","Confirmed Victim","162"
"2022","Matagorda","6-Houston","Not Confirmed","331"
"2022","Matagorda","6-Houston","Confirmed Victim","103"
"2022","Montgomery","6-Houston","Not Confirmed","4,680"
"2022","Montgomery","6-Houston","Confirmed Victim","982"
"2022","Walker","6-Houston","Not Confirmed","436"
"2022","Walker","6-Houston","Confirmed Victim","72"
"2022","Waller","6-Houston","Not Confirmed","307"
"2022","Waller","6-Houston","Confirmed Victim","63"
"2022","Wharton","6-Houston","Not Confirmed","352"
"2022","Wharton","6-Houston","Confirmed Victim","52"
"2022","Bastrop","7-Austin","Not Confirmed","810"
"2022","Bastrop","7-Austin","Confirmed Victim","218"
"2022","Bell","7-Austin","Not Confirmed","3,809"
"2022","Bell","7-Austin","Confirmed Victim","1,293"
"2022","Blanco","7-Austin","Not Confirmed","52"
"2022","Blanco","7-Austin","Confirmed Victim","14"
"2022","Bosque","7-Austin","Not Confirmed","199"
"2022","Bosque","7-Austin","Confirmed Victim","35"
"2022","Brazos","7-Austin","Not Confirmed","1,455"
"2022","Brazos","7-Austin","Confirmed Victim","501"
"2022","Burleson","7-Austin","Not Confirmed","173"
"2022","Burleson","7-Austin","Confirmed Victim","43"
"2022","Burnet","7-Austin","Not Confirmed","416"
"2022","Burnet","7-Austin","Confirmed Victim","104"
"2022","Caldwell","7-Austin","Not Confirmed","436"
"2022","Caldwell","7-Austin","Confirmed Victim","107"
"2022","Coryell","7-Austin","Not Confirmed","1,010"
"2022","Coryell","7-Austin","Confirmed Victim","259"
"2022","Falls","7-Austin","Not Confirmed","112"
"2022","Falls","7-Austin","Confirmed Victim","43"
"2022","Fayette","7-Austin","Not Confirmed","183"
"2022","Fayette","7-Austin","Confirmed Victim","53"
"2022","Freestone","7-Austin","Not Confirmed","174"
"2022","Freestone","7-Austin","Confirmed Victim","44"
"2022","Grimes","7-Austin","Not Confirmed","245"
"2022","Grimes","7-Austin","Confirmed Victim","40"
"2022","Hamilton","7-Austin","Not Confirmed","86"
"2022","Hamilton","7-Austin","Confirmed Victim","25"
"2022","Hays","7-Austin","Not Confirmed","1,401"
"2022","Hays","7-Austin","Confirmed Victim","339"
"2022","Hill","7-Austin","Not Confirmed","366"
"2022","Hill","7-Austin","Confirmed Victim","144"
"2022","Lampasas","7-Austin","Not Confirmed","212"
"2022","Lampasas","7-Austin","Confirmed Victim","57"
"2022","Lee","7-Austin","Not Confirmed","151"
"2022","Lee","7-Austin","Confirmed Victim","32"
"2022","Leon","7-Austin","Not Confirmed","107"
"2022","Leon","7-Austin","Confirmed Victim","34"
"2022","Limestone","7-Austin","Not Confirmed","193"
"2022","Limestone","7-Austin","Confirmed Victim","71"
"2022","Llano","7-Austin","Not Confirmed","222"
"2022","Llano","7-Austin","Confirmed Victim","70"
"2022","Madison","7-Austin","Not Confirmed","69"
"2022","Madison","7-Austin","Confirmed Victim","18"
"2022","McLennan","7-Austin","Not Confirmed","2,491"
"2022","McLennan","7-Austin","Confirmed Victim","796"
"2022","Milam","7-Austin","Not Confirmed","225"
"2022","Milam","7-Austin","Confirmed Victim","87"
"2022","Mills","7-Austin","Not Confirmed","27"
"2022","Mills","7-Austin","Confirmed Victim","14"
"2022","Robertson","7-Austin","Not Confirmed","133"
"2022","Robertson","7-Austin","Confirmed Victim","57"
"2022","San Saba","7-Austin","Not Confirmed","54"
"2022","San Saba","7-Austin","Confirmed Victim","11"
"2022","Travis","7-Austin","Not Confirmed","6,722"
"2022","Travis","7-Austin","Confirmed Victim","1,622"
"2022","Washington","7-Austin","Not Confirmed","222"
"2022","Washington","7-Austin","Confirmed Victim","97"
"2022","Williamson","7-Austin","Not Confirmed","3,288"
"2022","Williamson","7-Austin","Confirmed Victim","810"
"2022","Atascosa","8-San Antonio","Not Confirmed","619"
"2022","Atascosa","8-San Antonio","Confirmed Victim","146"
"2022","Bandera","8-San Antonio","Not Confirmed","178"
"2022","Bandera","8-San Antonio","Confirmed Victim","44"
"2022","Bexar","8-San Antonio","Not Confirmed","17,246"
"2022","Bexar","8-San Antonio","Confirmed Victim","4,972"
"2022","Calhoun","8-San Antonio","Not Confirmed","103"
"2022","Calhoun","8-San Antonio","Confirmed Victim","26"
"2022","Comal","8-San Antonio","Not Confirmed","1,160"
"2022","Comal","8-San Antonio","Confirmed Victim","287"
"2022","DeWitt","8-San Antonio","Not Confirmed","193"
"2022","DeWitt","8-San Antonio","Confirmed Victim","22"
"2022","Dimmit","8-San Antonio","Not Confirmed","131"
"2022","Dimmit","8-San Antonio","Confirmed Victim","27"
"2022","Edwards","8-San Antonio","Not Confirmed","14"
"2022","Edwards","8-San Antonio","Confirmed Victim","11"
"2022","Frio","8-San Antonio","Not Confirmed","260"
"2022","Frio","8-San Antonio","Confirmed Victim","60"
"2022","Gillespie","8-San Antonio","Not Confirmed","114"
"2022","Gillespie","8-San Antonio","Confirmed Victim","28"
"2022","Goliad","8-San Antonio","Not Confirmed","60"
"2022","Goliad","8-San Antonio","Confirmed Victim","10"
"2022","Gonzales","8-San Antonio","Not Confirmed","210"
"2022","Gonzales","8-San Antonio","Confirmed Victim","48"
"2022","Guadalupe","8-San Antonio","Not Confirmed","1,420"
"2022","Guadalupe","8-San Antonio","Confirmed Victim","297"
"2022","Jackson","8-San Antonio","Not Confirmed","75"
"2022","Jackson","8-San Antonio","Confirmed Victim","29"
"2022","Karnes","8-San Antonio","Not Confirmed","158"
"2022","Karnes","8-San Antonio","Confirmed Victim","37"
"2022","Kendall","8-San Antonio","Not Confirmed","229"
"2022","Kendall","8-San Antonio","Confirmed Victim","54"
"2022","Kerr","8-San Antonio","Not Confirmed","412"
"2022","Kerr","8-San Antonio","Confirmed Victim","107"
"2022","Kinney","8-San Antonio","Not Confirmed","13"
"2022","Kinney","8-San Antonio","Confirmed Victim","15"
"2022","La Salle","8-San Antonio","Not Confirmed","86"
"2022","La Salle","8-San Antonio","Confirmed Victim","12"
"2022","Lavaca","8-San Antonio","Not Confirmed","132"
"2022","Lavaca","8-San Antonio","Confirmed Victim","22"
"2022","Maverick","8-San Antonio","Not Confirmed","236"
"2022","Maverick","8-San Antonio","Confirmed Victim","100"
"2022","Medina","8-San Antonio","Not Confirmed","413"
"2022","Medina","8-San Antonio","Confirmed Victim","137"
"2022","Real","8-San Antonio","Not Confirmed","20"
"2022","Real","8-San Antonio","Confirmed Victim","6"
"2022","Uvalde","8-San Antonio","Not Confirmed","301"
"2022","Uvalde","8-San Antonio","Confirmed Victim","75"
"2022","Val Verde","8-San Antonio","Not Confirmed","270"
"2022","Val Verde","8-San Antonio","Confirmed Victim","98"
"2022","Victoria","8-San Antonio","Not Confirmed","877"
"2022","Victoria","8-San Antonio","Confirmed Victim","273"
"2022","Wilson","8-San Antonio","Not Confirmed","249"
"2022","Wilson","8-San Antonio","Confirmed Victim","97"
"2022","Zavala","8-San Antonio","Not Confirmed","109"
"2022","Zavala","8-San Antonio","Confirmed Victim","34"
"2022","Andrews","9-Midland","Not Confirmed","175"
"2022","Andrews","9-Midland","Confirmed Victim","18"
"2022","Borden","9-Midland","Not Confirmed","2"
"2022","Borden","9-Midland","Confirmed Victim","1"
"2022","Coke","9-Midland","Not Confirmed","28"
"2022","Coke","9-Midland","Confirmed Victim","3"
"2022","Concho","9-Midland","Not Confirmed","31"
"2022","Concho","9-Midland","Confirmed Victim","4"
"2022","Crane","9-Midland","Not Confirmed","21"
"2022","Crane","9-Midland","Confirmed Victim","4"
"2022","Crockett","9-Midland","Not Confirmed","39"
"2022","Crockett","9-Midland","Confirmed Victim","15"
"2022","Dawson","9-Midland","Not Confirmed","164"
"2022","Dawson","9-Midland","Confirmed Victim","43"
"2022","Ector","9-Midland","Not Confirmed","1,652"
"2022","Ector","9-Midland","Confirmed Victim","349"
"2022","Gaines","9-Midland","Not Confirmed","109"
"2022","Gaines","9-Midland","Confirmed Victim","30"
"2022","Glasscock","9-Midland","Not Confirmed","5"
"2022","Glasscock","9-Midland","Confirmed Victim","1"
"2022","Howard","9-Midland","Not Confirmed","324"
"2022","Howard","9-Midland","Confirmed Victim","82"
"2022","Irion","9-Midland","Not Confirmed","11"
"2022","Irion","9-Midland","Confirmed Victim","3"
"2022","Kimble","9-Midland","Not Confirmed","45"
"2022","Kimble","9-Midland","Confirmed Victim","10"
"2022","Loving","9-Midland","Not Confirmed","2"
"2022","Martin","9-Midland","Not Confirmed","45"
"2022","Martin","9-Midland","Confirmed Victim","4"
"2022","Mason","9-Midland","Not Confirmed","22"
"2022","Mason","9-Midland","Confirmed Victim","3"
"2022","McCulloch","9-Midland","Not Confirmed","81"
"2022","McCulloch","9-Midland","Confirmed Victim","34"
"2022","Menard","9-Midland","Not Confirmed","13"
"2022","Menard","9-Midland","Confirmed Victim","6"
"2022","Midland","9-Midland","Not Confirmed","1,373"
"2022","Midland","9-Midland","Confirmed Victim","319"
"2022","Pecos","9-Midland","Not Confirmed","89"
"2022","Pecos","9-Midland","Confirmed Victim","34"
"2022","Reagan","9-Midland","Not Confirmed","28"
"2022","Reagan","9-Midland","Confirmed Victim","6"
"2022","Reeves","9-Midland","Not Confirmed","112"
"2022","Reeves","9-Midland","Confirmed Victim","33"
"2022","Schleicher","9-Midland","Not Confirmed","14"
"2022","Schleicher","9-Midland","Confirmed Victim","2"
"2022","Sterling","9-Midland","Not Confirmed","9"
"2022","Sterling","9-Midland","Confirmed Victim","4"
"2022","Sutton","9-Midland","Not Confirmed","33"
"2022","Sutton","9-Midland","Confirmed Victim","5"
"2022","Terrell","9-Midland","Not Confirmed","4"
"2022","Tom Green","9-Midland","Not Confirmed","1,079"
"2022","Tom Green","9-Midland","Confirmed Victim","261"
"2022","Upton","9-Midland","Not Confirmed","35"
"2022","Upton","9-Midland","Confirmed Victim","12"
"2022","Ward","9-Midland","Not Confirmed","102"
"2022","Ward","9-Midland","Confirmed Victim","39"
"2022","Winkler","9-Midland","Not Confirmed","61"
"2022","Winkler","9-Midland","Confirmed Victim","17"
"2022","Brewster","10-El Paso","Not Confirmed","49"
"2022","Brewster","10-El Paso","Confirmed Victim","17"
"2022","Culberson","10-El Paso","Not Confirmed","40"
"2022","Culberson","10-El Paso","Confirmed Victim","10"
"2022","El Paso","10-El Paso","Not Confirmed","6,055"
"2022","El Paso","10-El Paso","Confirmed Victim","1,475"
"2022","Hudspeth","10-El Paso","Not Confirmed","32"
"2022","Hudspeth","10-El Paso","Confirmed Victim","7"
"2022","Jeff Davis","10-El Paso","Not Confirmed","15"
"2022","Jeff Davis","10-El Paso","Confirmed Victim","5"
"2022","Presidio","10-El Paso","Not Confirmed","9"
"2022","Presidio","10-El Paso","Confirmed Victim","5"
"2022","Aransas","11-Edinburg","Not Confirmed","299"
"2022","Aransas","11-Edinburg","Confirmed Victim","75"
"2022","Bee","11-Edinburg","Not Confirmed","406"
"2022","Bee","11-Edinburg","Confirmed Victim","117"
"2022","Brooks","11-Edinburg","Not Confirmed","115"
"2022","Brooks","11-Edinburg","Confirmed Victim","25"
"2022","Cameron","11-Edinburg","Not Confirmed","3,479"
"2022","Cameron","11-Edinburg","Confirmed Victim","984"
"2022","Duval","11-Edinburg","Not Confirmed","132"
"2022","Duval","11-Edinburg","Confirmed Victim","34"
"2022","Hidalgo","11-Edinburg","Not Confirmed","7,065"
"2022","Hidalgo","11-Edinburg","Confirmed Victim","1,586"
"2022","Jim Hogg","11-Edinburg","Not Confirmed","58"
"2022","Jim Hogg","11-Edinburg","Confirmed Victim","11"
"2022","Jim Wells","11-Edinburg","Not Confirmed","575"
"2022","Jim Wells","11-Edinburg","Confirmed Victim","189"
"2022","Kenedy","11-Edinburg","Confirmed Victim","2"
"2022","Kleberg","11-Edinburg","Not Confirmed","329"
"2022","Kleberg","11-Edinburg","Confirmed Victim","89"
"2022","Live Oak","11-Edinburg","Not Confirmed","118"
"2022","Live Oak","11-Edinburg","Confirmed Victim","28"
"2022","McMullen","11-Edinburg","Not Confirmed","14"
"2022","McMullen","11-Edinburg","Confirmed Victim","2"
"2022","Nueces","11-Edinburg","Not Confirmed","3,217"
"2022","Nueces","11-Edinburg","Confirmed Victim","885"
"2022","Refugio","11-Edinburg","Not Confirmed","95"
"2022","Refugio","11-Edinburg","Confirmed Victim","17"
"2022","San Patricio","11-Edinburg","Not Confirmed","853"
"2022","San Patricio","11-Edinburg","Confirmed Victim","209"
"2022","Starr","11-Edinburg","Not Confirmed","417"
"2022","Starr","11-Edinburg","Confirmed Victim","125"
"2022","Webb","11-Edinburg","Not Confirmed","2,012"
"2022","Webb","11-Edinburg","Confirmed Victim","420"
"2022","Willacy","11-Edinburg","Not Confirmed","236"
"2022","Willacy","11-Edinburg","Confirmed Victim","69"
"2022","Zapata","11-Edinburg","Not Confirmed","100"
"2022","Zapata","11-Edinburg","Confirmed Victim","25"
"2022","Out of State","Out of State","Not Confirmed","23"
"2022","Out of State","Out of State","Confirmed Victim","2"
"2021","Armstrong","1-Lubbock","Not Confirmed","18"
"2021","Armstrong","1-Lubbock","Confirmed Victim","5"
"2021","Bailey","1-Lubbock","Not Confirmed","48"
"2021","Bailey","1-Lubbock","Confirmed Victim","16"
"2021","Briscoe","1-Lubbock","Not Confirmed","8"
"2021","Briscoe","1-Lubbock","Confirmed Victim","1"
"2021","Carson","1-Lubbock","Not Confirmed","42"
"2021","Carson","1-Lubbock","Confirmed Victim","15"
"2021","Castro","1-Lubbock","Not Confirmed","55"
"2021","Castro","1-Lubbock","Confirmed Victim","17"
"2021","Childress","1-Lubbock","Not Confirmed","62"
"2021","Childress","1-Lubbock","Confirmed Victim","23"
"2021","Cochran","1-Lubbock","Not Confirmed","39"
"2021","Cochran","1-Lubbock","Confirmed Victim","13"
"2021","Collingsworth","1-Lubbock","Not Confirmed","33"
"2021","Collingsworth","1-Lubbock","Confirmed Victim","5"
"2021","Crosby","1-Lubbock","Not Confirmed","62"
"2021","Crosby","1-Lubbock","Confirmed Victim","10"
"2021","Dallam","1-Lubbock","Not Confirmed","82"
"2021","Dallam","1-Lubbock","Confirmed Victim","57"
"2021","Deaf Smith","1-Lubbock","Not Confirmed","191"
"2021","Deaf Smith","1-Lubbock","Confirmed Victim","73"
"2021","Dickens","1-Lubbock","Not Confirmed","10"
"2021","Dickens","1-Lubbock","Confirmed Victim","7"
"2021","Donley","1-Lubbock","Not Confirmed","18"
"2021","Donley","1-Lubbock","Confirmed Victim","15"
"2021","Floyd","1-Lubbock","Not Confirmed","44"
"2021","Floyd","1-Lubbock","Confirmed Victim","24"
"2021","Garza","1-Lubbock","Not Confirmed","55"
"2021","Garza","1-Lubbock","Confirmed Victim","14"
"2021","Gray","1-Lubbock","Not Confirmed","243"
"2021","Gray","1-Lubbock","Confirmed Victim","101"
"2021","Hale","1-Lubbock","Not Confirmed","269"
"2021","Hale","1-Lubbock","Confirmed Victim","174"
"2021","Hall","1-Lubbock","Not Confirmed","33"
"2021","Hall","1-Lubbock","Confirmed Victim","9"
"2021","Hansford","1-Lubbock","Not Confirmed","23"
"2021","Hansford","1-Lubbock","Confirmed Victim","7"
"2021","Hartley","1-Lubbock","Not Confirmed","17"
"2021","Hartley","1-Lubbock","Confirmed Victim","19"
"2021","Hemphill","1-Lubbock","Not Confirmed","13"
"2021","Hemphill","1-Lubbock","Confirmed Victim","5"
"2021","Hockley","1-Lubbock","Not Confirmed","228"
"2021","Hockley","1-Lubbock","Confirmed Victim","96"
"2021","Hutchinson","1-Lubbock","Not Confirmed","288"
"2021","Hutchinson","1-Lubbock","Confirmed Victim","92"
"2021","Lamb","1-Lubbock","Not Confirmed","109"
"2021","Lamb","1-Lubbock","Confirmed Victim","31"
"2021","Lipscomb","1-Lubbock","Not Confirmed","14"
"2021","Lipscomb","1-Lubbock","Confirmed Victim","6"
"2021","Lubbock","1-Lubbock","Not Confirmed","2,780"
"2021","Lubbock","1-Lubbock","Confirmed Victim","970"
"2021","Lynn","1-Lubbock","Not Confirmed","52"
"2021","Lynn","1-Lubbock","Confirmed Victim","19"
"2021","Moore","1-Lubbock","Not Confirmed","197"
"2021","Moore","1-Lubbock","Confirmed Victim","53"
"2021","Motley","1-Lubbock","Not Confirmed","7"
"2021","Ochiltree","1-Lubbock","Not Confirmed","79"
"2021","Ochiltree","1-Lubbock","Confirmed Victim","33"
"2021","Oldham","1-Lubbock","Not Confirmed","9"
"2021","Oldham","1-Lubbock","Confirmed Victim","2"
"2021","Parmer","1-Lubbock","Not Confirmed","47"
"2021","Parmer","1-Lubbock","Confirmed Victim","17"
"2021","Potter","1-Lubbock","Not Confirmed","1,732"
"2021","Potter","1-Lubbock","Confirmed Victim","529"
"2021","Randall","1-Lubbock","Not Confirmed","1,076"
"2021","Randall","1-Lubbock","Confirmed Victim","310"
"2021","Roberts","1-Lubbock","Not Confirmed","5"
"2021","Roberts","1-Lubbock","Confirmed Victim","1"
"2021","Sherman","1-Lubbock","Not Confirmed","14"
"2021","Sherman","1-Lubbock","Confirmed Victim","6"
"2021","Swisher","1-Lubbock","Not Confirmed","103"
"2021","Swisher","1-Lubbock","Confirmed Victim","40"
"2021","Terry","1-Lubbock","Not Confirmed","139"
"2021","Terry","1-Lubbock","Confirmed Victim","34"
"2021","Wheeler","1-Lubbock","Not Confirmed","34"
"2021","Wheeler","1-Lubbock","Confirmed Victim","10"
"2021","Yoakum","1-Lubbock","Not Confirmed","45"
"2021","Yoakum","1-Lubbock","Confirmed Victim","9"
"2021","Archer","2-Abilene","Not Confirmed","61"
"2021","Archer","2-Abilene","Confirmed Victim","18"
"2021","Baylor","2-Abilene","Not Confirmed","47"
"2021","Baylor","2-Abilene","Confirmed Victim","27"
"2021","Brown","2-Abilene","Not Confirmed","321"
"2021","Brown","2-Abilene","Confirmed Victim","241"
"2021","Callahan","2-Abilene","Not Confirmed","133"
"2021","Callahan","2-Abilene","Confirmed Victim","46"
"2021","Clay","2-Abilene","Not Confirmed","77"
"2021","Clay","2-Abilene","Confirmed Victim","32"
"2021","Coleman","2-Abilene","Not Confirmed","67"
"2021","Coleman","2-Abilene","Confirmed Victim","39"
"2021","Comanche","2-Abilene","Not Confirmed","147"
"2021","Comanche","2-Abilene","Confirmed Victim","44"
"2021","Cottle","2-Abilene","Not Confirmed","11"
"2021","Cottle","2-Abilene","Confirmed Victim","8"
"2021","Eastland","2-Abilene","Not Confirmed","173"
"2021","Eastland","2-Abilene","Confirmed Victim","105"
"2021","Fisher","2-Abilene","Not Confirmed","26"
"2021","Fisher","2-Abilene","Confirmed Victim","25"
"2021","Foard","2-Abilene","Not Confirmed","4"
"2021","Foard","2-Abilene","Confirmed Victim","3"
"2021","Hardeman","2-Abilene","Not Confirmed","40"
"2021","Hardeman","2-Abilene","Confirmed Victim","8"
"2021","Haskell","2-Abilene","Not Confirmed","40"
"2021","Haskell","2-Abilene","Confirmed Victim","25"
"2021","Jack","2-Abilene","Not Confirmed","88"
"2021","Jack","2-Abilene","Confirmed Victim","37"
"2021","Jones","2-Abilene","Not Confirmed","149"
"2021","Jones","2-Abilene","Confirmed Victim","65"
"2021","Kent","2-Abilene","Not Confirmed","4"
"2021","Knox","2-Abilene","Not Confirmed","32"
"2021","Knox","2-Abilene","Confirmed Victim","8"
"2021","Mitchell","2-Abilene","Not Confirmed","75"
"2021","Mitchell","2-Abilene","Confirmed Victim","54"
"2021","Montague","2-Abilene","Not Confirmed","175"
"2021","Montague","2-Abilene","Confirmed Victim","95"
"2021","Nolan","2-Abilene","Not Confirmed","241"
"2021","Nolan","2-Abilene","Confirmed Victim","104"
"2021","Runnels","2-Abilene","Not Confirmed","82"
"2021","Runnels","2-Abilene","Confirmed Victim","44"
"2021","Scurry","2-Abilene","Not Confirmed","194"
"2021","Scurry","2-Abilene","Confirmed Victim","85"
"2021","Shackelford","2-Abilene","Not Confirmed","26"
"2021","Shackelford","2-Abilene","Confirmed Victim","9"
"2021","Stephens","2-Abilene","Not Confirmed","86"
"2021","Stephens","2-Abilene","Confirmed Victim","36"
"2021","Stonewall","2-Abilene","Not Confirmed","7"
"2021","Stonewall","2-Abilene","Confirmed Victim","3"
"2021","Taylor","2-Abilene","Not Confirmed","1,794"
"2021","Taylor","2-Abilene","Confirmed Victim","911"
"2021","Throckmorton","2-Abilene","Not Confirmed","13"
"2021","Throckmorton","2-Abilene","Confirmed Victim","3"
"2021","Wichita","2-Abilene","Not Confirmed","1,457"
"2021","Wichita","2-Abilene","Confirmed Victim","565"
"2021","Wilbarger","2-Abilene","Not Confirmed","162"
"2021","Wilbarger","2-Abilene","Confirmed Victim","47"
"2021","Young","2-Abilene","Not Confirmed","203"
"2021","Young","2-Abilene","Confirmed Victim","65"
"2021","Collin","3-Arlington","Not Confirmed","4,032"
"2021","Collin","3-Arlington","Confirmed Victim","1,278"
"2021","Cooke","3-Arlington","Not Confirmed","378"
"2021","Cooke","3-Arlington","Confirmed Victim","148"
"2021","Dallas","3-Arlington","Not Confirmed","13,934"
"2021","Dallas","3-Arlington","Confirmed Victim","6,679"
"2021","Denton","3-Arlington","Not Confirmed","4,338"
"2021","Denton","3-Arlington","Confirmed Victim","1,480"
"2021","Ellis","3-Arlington","Not Confirmed","1,227"
"2021","Ellis","3-Arlington","Confirmed Victim","278"
"2021","Erath","3-Arlington","Not Confirmed","321"
"2021","Erath","3-Arlington","Confirmed Victim","129"
"2021","Fannin","3-Arlington","Not Confirmed","290"
"2021","Fannin","3-Arlington","Confirmed Victim","84"
"2021","Grayson","3-Arlington","Not Confirmed","1,225"
"2021","Grayson","3-Arlington","Confirmed Victim","356"
"2021","Hood","3-Arlington","Not Confirmed","525"
"2021","Hood","3-Arlington","Confirmed Victim","248"
"2021","Hunt","3-Arlington","Not Confirmed","831"
"2021","Hunt","3-Arlington","Confirmed Victim","356"
"2021","Johnson","3-Arlington","Not Confirmed","1,386"
"2021","Johnson","3-Arlington","Confirmed Victim","514"
"2021","Kaufman","3-Arlington","Not Confirmed","1,222"
"2021","Kaufman","3-Arlington","Confirmed Victim","446"
"2021","Navarro","3-Arlington","Not Confirmed","456"
"2021","Navarro","3-Arlington","Confirmed Victim","155"
"2021","Palo Pinto","3-Arlington","Not Confirmed","309"
"2021","Palo Pinto","3-Arlington","Confirmed Victim","151"
"2021","Parker","3-Arlington","Not Confirmed","1,086"
"2021","Parker","3-Arlington","Confirmed Victim","431"
"2021","Rockwall","3-Arlington","Not Confirmed","512"
"2021","Rockwall","3-Arlington","Confirmed Victim","257"
"2021","Somervell","3-Arlington","Not Confirmed","98"
"2021","Somervell","3-Arlington","Confirmed Victim","24"
"2021","Tarrant","3-Arlington","Not Confirmed","12,729"
"2021","Tarrant","3-Arlington","Confirmed Victim","6,511"
"2021","Wise","3-Arlington","Not Confirmed","543"
"2021","Wise","3-Arlington","Confirmed Victim","199"
"2021","Anderson","4-Tyler","Not Confirmed","372"
"2021","Anderson","4-Tyler","Confirmed Victim","148"
"2021","Bowie","4-Tyler","Not Confirmed","758"
"2021","Bowie","4-Tyler","Confirmed Victim","211"
"2021","Camp","4-Tyler","Not Confirmed","92"
"2021","Camp","4-Tyler","Confirmed Victim","46"
"2021","Cass","4-Tyler","Not Confirmed","355"
"2021","Cass","4-Tyler","Confirmed Victim","101"
"2021","Cherokee","4-Tyler","Not Confirmed","591"
"2021","Cherokee","4-Tyler","Confirmed Victim","212"
"2021","Delta","4-Tyler","Not Confirmed","40"
"2021","Delta","4-Tyler","Confirmed Victim","8"
"2021","Franklin","4-Tyler","Not Confirmed","80"
"2021","Franklin","4-Tyler","Confirmed Victim","30"
"2021","Gregg","4-Tyler","Not Confirmed","1,038"
"2021","Gregg","4-Tyler","Confirmed Victim","501"
"2021","Harrison","4-Tyler","Not Confirmed","497"
"2021","Harrison","4-Tyler","Confirmed Victim","162"
"2021","Henderson","4-Tyler","Not Confirmed","922"
"2021","Henderson","4-Tyler","Confirmed Victim","218"
"2021","Hopkins","4-Tyler","Not Confirmed","348"
"2021","Hopkins","4-Tyler","Confirmed Victim","111"
"2021","Lamar","4-Tyler","Not Confirmed","429"
"2021","Lamar","4-Tyler","Confirmed Victim","164"
"2021","Marion","4-Tyler","Not Confirmed","117"
"2021","Marion","4-Tyler","Confirmed Victim","41"
"2021","Morris","4-Tyler","Not Confirmed","125"
"2021","Morris","4-Tyler","Confirmed Victim","66"
"2021","Panola","4-Tyler","Not Confirmed","225"
"2021","Panola","4-Tyler","Confirmed Victim","52"
"2021","Rains","4-Tyler","Not Confirmed","120"
"2021","Rains","4-Tyler","Confirmed Victim","34"
"2021","Red River","4-Tyler","Not Confirmed","118"
"2021","Red River","4-Tyler","Confirmed Victim","34"
"2021","Rusk","4-Tyler","Not Confirmed","398"
"2021","Rusk","4-Tyler","Confirmed Victim","163"
"2021","Smith","4-Tyler","Not Confirmed","1,623"
"2021","Smith","4-Tyler","Confirmed Victim","782"
"2021","Titus","4-Tyler","Not Confirmed","296"
"2021","Titus","4-Tyler","Confirmed Victim","68"
"2021","Upshur","4-Tyler","Not Confirmed","345"
"2021","Upshur","4-Tyler","Confirmed Victim","129"
"2021","Van Zandt","4-Tyler","Not Confirmed","478"
"2021","Van Zandt","4-Tyler","Confirmed Victim","158"
"2021","Wood","4-Tyler","Not Confirmed","327"
"2021","Wood","4-Tyler","Confirmed Victim","110"
"2021","Angelina","5-Beaumont","Not Confirmed","826"
"2021","Angelina","5-Beaumont","Confirmed Victim","252"
"2021","Hardin","5-Beaumont","Not Confirmed","421"
"2021","Hardin","5-Beaumont","Confirmed Victim","107"
"2021","Houston","5-Beaumont","Not Confirmed","222"
"2021","Houston","5-Beaumont","Confirmed Victim","55"
"2021","Jasper","5-Beaumont","Not Confirmed","321"
"2021","Jasper","5-Beaumont","Confirmed Victim","62"
"2021","Jefferson","5-Beaumont","Not Confirmed","1,930"
"2021","Jefferson","5-Beaumont","Confirmed Victim","799"
"2021","Nacogdoches","5-Beaumont","Not Confirmed","445"
"2021","Nacogdoches","5-Beaumont","Confirmed Victim","160"
"2021","Newton","5-Beaumont","Not Confirmed","84"
"2021","Newton","5-Beaumont","Confirmed Victim","29"
"2021","Orange","5-Beaumont","Not Confirmed","840"
"2021","Orange","5-Beaumont","Confirmed Victim","296"
"2021","Polk","5-Beaumont","Not Confirmed","504"
"2021","Polk","5-Beaumont","Confirmed Victim","104"
"2021","Sabine","5-Beaumont","Not Confirmed","90"
"2021","Sabine","5-Beaumont","Confirmed Victim","25"
"2021","San Augustine","5-Beaumont","Not Confirmed","68"
"2021","San Augustine","5-Beaumont","Confirmed Victim","31"
"2021","San Jacinto","5-Beaumont","Not Confirmed","235"
"2021","San Jacinto","5-Beaumont","Confirmed Victim","53"
"2021","Shelby","5-Beaumont","Not Confirmed","217"
"2021","Shelby","5-Beaumont","Confirmed Victim","76"
"2021","Trinity","5-Beaumont","Not Confirmed","138"
"2021","Trinity","5-Beaumont","Confirmed Victim","44"
"2021","Tyler","5-Beaumont","Not Confirmed","270"
"2021","Tyler","5-Beaumont","Confirmed Victim","45"
"2021","Austin","6-Houston","Not Confirmed","182"
"2021","Austin","6-Houston","Confirmed Victim","65"
"2021","Brazoria","6-Houston","Not Confirmed","1,663"
"2021","Brazoria","6-Houston","Confirmed Victim","514"
"2021","Chambers","6-Houston","Not Confirmed","287"
"2021","Chambers","6-Houston","Confirmed Victim","75"
"2021","Colorado","6-Houston","Not Confirmed","112"
"2021","Colorado","6-Houston","Confirmed Victim","47"
"2021","Fort Bend","6-Houston","Not Confirmed","2,809"
"2021","Fort Bend","6-Houston","Confirmed Victim","527"
"2021","Galveston","6-Houston","Not Confirmed","1,957"
"2021","Galveston","6-Houston","Confirmed Victim","757"
"2021","Harris","6-Houston","Not Confirmed","31,402"
"2021","Harris","6-Houston","Confirmed Victim","7,405"
"2021","Liberty","6-Houston","Not Confirmed","939"
"2021","Liberty","6-Houston","Confirmed Victim","253"
"2021","Matagorda","6-Houston","Not Confirmed","325"
"2021","Matagorda","6-Houston","Confirmed Victim","115"
"2021","Montgomery","6-Houston","Not Confirmed","3,304"
"2021","Montgomery","6-Houston","Confirmed Victim","950"
"2021","Walker","6-Houston","Not Confirmed","368"
"2021","Walker","6-Houston","Confirmed Victim","86"
"2021","Waller","6-Houston","Not Confirmed","271"
"2021","Waller","6-Houston","Confirmed Victim","79"
"2021","Wharton","6-Houston","Not Confirmed","252"
"2021","Wharton","6-Houston","Confirmed Victim","72"
"2021","Bastrop","7-Austin","Not Confirmed","700"
"2021","Bastrop","7-Austin","Confirmed Victim","205"
"2021","Bell","7-Austin","Not Confirmed","3,769"
"2021","Bell","7-Austin","Confirmed Victim","1,728"
"2021","Blanco","7-Austin","Not Confirmed","26"
"2021","Blanco","7-Austin","Confirmed Victim","17"
"2021","Bosque","7-Austin","Not Confirmed","164"
"2021","Bosque","7-Austin","Confirmed Victim","51"
"2021","Brazos","7-Austin","Not Confirmed","1,223"
"2021","Brazos","7-Austin","Confirmed Victim","630"
"2021","Burleson","7-Austin","Not Confirmed","132"
"2021","Burleson","7-Austin","Confirmed Victim","55"
"2021","Burnet","7-Austin","Not Confirmed","335"
"2021","Burnet","7-Austin","Confirmed Victim","191"
"2021","Caldwell","7-Austin","Not Confirmed","372"
"2021","Caldwell","7-Austin","Confirmed Victim","141"
"2021","Coryell","7-Austin","Not Confirmed","935"
"2021","Coryell","7-Austin","Confirmed Victim","455"
"2021","Falls","7-Austin","Not Confirmed","95"
"2021","Falls","7-Austin","Confirmed Victim","83"
"2021","Fayette","7-Austin","Not Confirmed","116"
"2021","Fayette","7-Austin","Confirmed Victim","59"
"2021","Freestone","7-Austin","Not Confirmed","140"
"2021","Freestone","7-Austin","Confirmed Victim","44"
"2021","Grimes","7-Austin","Not Confirmed","216"
"2021","Grimes","7-Austin","Confirmed Victim","79"
"2021","Hamilton","7-Austin","Not Confirmed","80"
"2021","Hamilton","7-Austin","Confirmed Victim","28"
"2021","Hays","7-Austin","Not Confirmed","1,190"
"2021","Hays","7-Austin","Confirmed Victim","500"
"2021","Hill","7-Austin","Not Confirmed","356"
"2021","Hill","7-Austin","Confirmed Victim","168"
"2021","Lampasas","7-Austin","Not Confirmed","201"
"2021","Lampasas","7-Austin","Confirmed Victim","99"
"2021","Lee","7-Austin","Not Confirmed","115"
"2021","Lee","7-Austin","Confirmed Victim","47"
"2021","Leon","7-Austin","Not Confirmed","95"
"2021","Leon","7-Austin","Confirmed Victim","34"
"2021","Limestone","7-Austin","Not Confirmed","222"
"2021","Limestone","7-Austin","Confirmed Victim","88"
"2021","Llano","7-Austin","Not Confirmed","175"
"2021","Llano","7-Austin","Confirmed Victim","102"
"2021","Madison","7-Austin","Not Confirmed","76"
"2021","Madison","7-Austin","Confirmed Victim","29"
"2021","McLennan","7-Austin","Not Confirmed","2,528"
"2021","McLennan","7-Austin","Confirmed Victim","1,230"
"2021","Milam","7-Austin","Not Confirmed","231"
"2021","Milam","7-Austin","Confirmed Victim","133"
"2021","Mills","7-Austin","Not Confirmed","36"
"2021","Mills","7-Austin","Confirmed Victim","9"
"2021","Robertson","7-Austin","Not Confirmed","140"
"2021","Robertson","7-Austin","Confirmed Victim","82"
"2021","San Saba","7-Austin","Not Confirmed","31"
"2021","San Saba","7-Austin","Confirmed Victim","13"
"2021","Travis","7-Austin","Not Confirmed","6,008"
"2021","Travis","7-Austin","Confirmed Victim","1,988"
"2021","Washington","7-Austin","Not Confirmed","196"
"2021","Washington","7-Austin","Confirmed Victim","90"
"2021","Williamson","7-Austin","Not Confirmed","3,236"
"2021","Williamson","7-Austin","Confirmed Victim","707"
"2021","Atascosa","8-San Antonio","Not Confirmed","589"
"2021","Atascosa","8-San Antonio","Confirmed Victim","228"
"2021","Bandera","8-San Antonio","Not Confirmed","107"
"2021","Bandera","8-San Antonio","Confirmed Victim","53"
"2021","Bexar","8-San Antonio","Not Confirmed","15,540"
"2021","Bexar","8-San Antonio","Confirmed Victim","5,641"
"2021","Calhoun","8-San Antonio","Not Confirmed","141"
"2021","Calhoun","8-San Antonio","Confirmed Victim","54"
"2021","Comal","8-San Antonio","Not Confirmed","953"
"2021","Comal","8-San Antonio","Confirmed Victim","391"
"2021","DeWitt","8-San Antonio","Not Confirmed","154"
"2021","DeWitt","8-San Antonio","Confirmed Victim","32"
"2021","Dimmit","8-San Antonio","Not Confirmed","96"
"2021","Dimmit","8-San Antonio","Confirmed Victim","46"
"2021","Edwards","8-San Antonio","Not Confirmed","14"
"2021","Edwards","8-San Antonio","Confirmed Victim","7"
"2021","Frio","8-San Antonio","Not Confirmed","218"
"2021","Frio","8-San Antonio","Confirmed Victim","79"
"2021","Gillespie","8-San Antonio","Not Confirmed","121"
"2021","Gillespie","8-San Antonio","Confirmed Victim","52"
"2021","Goliad","8-San Antonio","Not Confirmed","61"
"2021","Goliad","8-San Antonio","Confirmed Victim","18"
"2021","Gonzales","8-San Antonio","Not Confirmed","203"
"2021","Gonzales","8-San Antonio","Confirmed Victim","40"
"2021","Guadalupe","8-San Antonio","Not Confirmed","1,243"
"2021","Guadalupe","8-San Antonio","Confirmed Victim","268"
"2021","Jackson","8-San Antonio","Not Confirmed","106"
"2021","Jackson","8-San Antonio","Confirmed Victim","66"
"2021","Karnes","8-San Antonio","Not Confirmed","84"
"2021","Karnes","8-San Antonio","Confirmed Victim","47"
"2021","Kendall","8-San Antonio","Not Confirmed","191"
"2021","Kendall","8-San Antonio","Confirmed Victim","59"
"2021","Kerr","8-San Antonio","Not Confirmed","364"
"2021","Kerr","8-San Antonio","Confirmed Victim","165"
"2021","Kinney","8-San Antonio","Not Confirmed","16"
"2021","Kinney","8-San Antonio","Confirmed Victim","7"
"2021","La Salle","8-San Antonio","Not Confirmed","80"
"2021","La Salle","8-San Antonio","Confirmed Victim","22"
"2021","Lavaca","8-San Antonio","Not Confirmed","113"
"2021","Lavaca","8-San Antonio","Confirmed Victim","34"
"2021","Maverick","8-San Antonio","Not Confirmed","229"
"2021","Maverick","8-San Antonio","Confirmed Victim","104"
"2021","Medina","8-San Antonio","Not Confirmed","407"
"2021","Medina","8-San Antonio","Confirmed Victim","171"
"2021","Real","8-San Antonio","Not Confirmed","39"
"2021","Real","8-San Antonio","Confirmed Victim","8"
"2021","Uvalde","8-San Antonio","Not Confirmed","287"
"2021","Uvalde","8-San Antonio","Confirmed Victim","118"
"2021","Val Verde","8-San Antonio","Not Confirmed","247"
"2021","Val Verde","8-San Antonio","Confirmed Victim","115"
"2021","Victoria","8-San Antonio","Not Confirmed","712"
"2021","Victoria","8-San Antonio","Confirmed Victim","273"
"2021","Wilson","8-San Antonio","Not Confirmed","324"
"2021","Wilson","8-San Antonio","Confirmed Victim","112"
"2021","Zavala","8-San Antonio","Not Confirmed","169"
"2021","Zavala","8-San Antonio","Confirmed Victim","59"
"2021","Andrews","9-Midland","Not Confirmed","165"
"2021","Andrews","9-Midland","Confirmed Victim","46"
"2021","Borden","9-Midland","Not Confirmed","3"
"2021","Borden","9-Midland","Confirmed Victim","7"
"2021","Coke","9-Midland","Not Confirmed","20"
"2021","Coke","9-Midland","Confirmed Victim","4"
"2021","Concho","9-Midland","Not Confirmed","35"
"2021","Concho","9-Midland","Confirmed Victim","4"
"2021","Crane","9-Midland","Not Confirmed","27"
"2021","Crane","9-Midland","Confirmed Victim","7"
"2021","Crockett","9-Midland","Not Confirmed","37"
"2021","Crockett","9-Midland","Confirmed Victim","7"
"2021","Dawson","9-Midland","Not Confirmed","138"
"2021","Dawson","9-Midland","Confirmed Victim","38"
"2021","Ector","9-Midland","Not Confirmed","1,614"
"2021","Ector","9-Midland","Confirmed Victim","375"
"2021","Gaines","9-Midland","Not Confirmed","143"
"2021","Gaines","9-Midland","Confirmed Victim","38"
"2021","Glasscock","9-Midland","Not Confirmed","6"
"2021","Howard","9-Midland","Not Confirmed","394"
"2021","Howard","9-Midland","Confirmed Victim","122"
"2021","Irion","9-Midland","Not Confirmed","10"
"2021","Kimble","9-Midland","Not Confirmed","60"
"2021","Kimble","9-Midland","Confirmed Victim","16"
"2021","Loving","9-Midland","Not Confirmed","4"
"2021","Martin","9-Midland","Not Confirmed","31"
"2021","Martin","9-Midland","Confirmed Victim","17"
"2021","Mason","9-Midland","Not Confirmed","20"
"2021","Mason","9-Midland","Confirmed Victim","8"
"2021","McCulloch","9-Midland","Not Confirmed","118"
"2021","McCulloch","9-Midland","Confirmed Victim","27"
"2021","Menard","9-Midland","Not Confirmed","14"
"2021","Menard","9-Midland","Confirmed Victim","3"
"2021","Midland","9-Midland","Not Confirmed","1,199"
"2021","Midland","9-Midland","Confirmed Victim","304"
"2021","Pecos","9-Midland","Not Confirmed","118"
"2021","Pecos","9-Midland","Confirmed Victim","43"
"2021","Reagan","9-Midland","Not Confirmed","27"
"2021","Reagan","9-Midland","Confirmed Victim","5"
"2021","Reeves","9-Midland","Not Confirmed","104"
"2021","Reeves","9-Midland","Confirmed Victim","25"
"2021","Schleicher","9-Midland","Not Confirmed","20"
"2021","Schleicher","9-Midland","Confirmed Victim","13"
"2021","Sterling","9-Midland","Not Confirmed","7"
"2021","Sterling","9-Midland","Confirmed Victim","4"
"2021","Sutton","9-Midland","Not Confirmed","49"
"2021","Sutton","9-Midland","Confirmed Victim","12"
"2021","Terrell","9-Midland","Not Confirmed","9"
"2021","Tom Green","9-Midland","Not Confirmed","1,097"
"2021","Tom Green","9-Midland","Confirmed Victim","392"
"2021","Upton","9-Midland","Not Confirmed","26"
"2021","Upton","9-Midland","Confirmed Victim","11"
"2021","Ward","9-Midland","Not Confirmed","88"
"2021","Ward","9-Midland","Confirmed Victim","60"
"2021","Winkler","9-Midland","Not Confirmed","73"
"2021","Winkler","9-Midland","Confirmed Victim","17"
"2021","Brewster","10-El Paso","Not Confirmed","77"
"2021","Brewster","10-El Paso","Confirmed Victim","18"
"2021","Culberson","10-El Paso","Not Confirmed","13"
"2021","Culberson","10-El Paso","Confirmed Victim","10"
"2021","El Paso","10-El Paso","Not Confirmed","4,947"
"2021","El Paso","10-El Paso","Confirmed Victim","1,681"
"2021","Hudspeth","10-El Paso","Not Confirmed","34"
"2021","Hudspeth","10-El Paso","Confirmed Victim","16"
"2021","Jeff Davis","10-El Paso","Not Confirmed","14"
"2021","Presidio","10-El Paso","Not Confirmed","24"
"2021","Presidio","10-El Paso","Confirmed Victim","14"
"2021","Aransas","11-Edinburg","Not Confirmed","283"
"2021","Aransas","11-Edinburg","Confirmed Victim","79"
"2021","Bee","11-Edinburg","Not Confirmed","299"
"2021","Bee","11-Edinburg","Confirmed Victim","134"
"2021","Brooks","11-Edinburg","Not Confirmed","73"
"2021","Brooks","11-Edinburg","Confirmed Victim","55"
"2021","Cameron","11-Edinburg","Not Confirmed","3,078"
"2021","Cameron","11-Edinburg","Confirmed Victim","1,195"
"2021","Duval","11-Edinburg","Not Confirmed","108"
"2021","Duval","11-Edinburg","Confirmed Victim","53"
"2021","Hidalgo","11-Edinburg","Not Confirmed","6,244"
"2021","Hidalgo","11-Edinburg","Confirmed Victim","1,881"
"2021","Jim Hogg","11-Edinburg","Not Confirmed","78"
"2021","Jim Hogg","11-Edinburg","Confirmed Victim","18"
"2021","Jim Wells","11-Edinburg","Not Confirmed","451"
"2021","Jim Wells","11-Edinburg","Confirmed Victim","189"
"2021","Kenedy","11-Edinburg","Not Confirmed","3"
"2021","Kleberg","11-Edinburg","Not Confirmed","343"
"2021","Kleberg","11-Edinburg","Confirmed Victim","115"
"2021","Live Oak","11-Edinburg","Not Confirmed","111"
"2021","Live Oak","11-Edinburg","Confirmed Victim","27"
"2021","McMullen","11-Edinburg","Not Confirmed","5"
"2021","Nueces","11-Edinburg","Not Confirmed","3,029"
"2021","Nueces","11-Edinburg","Confirmed Victim","1,000"
"2021","Refugio","11-Edinburg","Not Confirmed","65"
"2021","Refugio","11-Edinburg","Confirmed Victim","18"
"2021","San Patricio","11-Edinburg","Not Confirmed","710"
"2021","San Patricio","11-Edinburg","Confirmed Victim","227"
"2021","Starr","11-Edinburg","Not Confirmed","394"
"2021","Starr","11-Edinburg","Confirmed Victim","139"
"2021","Webb","11-Edinburg","Not Confirmed","1,639"
"2021","Webb","11-Edinburg","Confirmed Victim","534"
"2021","Willacy","11-Edinburg","Not Confirmed","273"
"2021","Willacy","11-Edinburg","Confirmed Victim","125"
"2021","Zapata","11-Edinburg","Not Confirmed","93"
"2021","Zapata","11-Edinburg","Confirmed Victim","45"
"2021","Out of State","Out of State","Not Confirmed","36"
"2021","Out of State","Out of State","Confirmed Victim","9"
"2020","Armstrong","1-Lubbock","Not Confirmed","7"
"2020","Bailey","1-Lubbock","Not Confirmed","48"
"2020","Bailey","1-Lubbock","Confirmed Victim","24"
"2020","Briscoe","1-Lubbock","Not Confirmed","7"
"2020","Briscoe","1-Lubbock","Confirmed Victim","2"
"2020","Carson","1-Lubbock","Not Confirmed","26"
"2020","Carson","1-Lubbock","Confirmed Victim","22"
"2020","Castro","1-Lubbock","Not Confirmed","39"
"2020","Castro","1-Lubbock","Confirmed Victim","16"
"2020","Childress","1-Lubbock","Not Confirmed","54"
"2020","Childress","1-Lubbock","Confirmed Victim","26"
"2020","Cochran","1-Lubbock","Not Confirmed","12"
"2020","Cochran","1-Lubbock","Confirmed Victim","4"
"2020","Collingsworth","1-Lubbock","Not Confirmed","9"
"2020","Collingsworth","1-Lubbock","Confirmed Victim","10"
"2020","Crosby","1-Lubbock","Not Confirmed","62"
"2020","Crosby","1-Lubbock","Confirmed Victim","15"
"2020","Dallam","1-Lubbock","Not Confirmed","62"
"2020","Dallam","1-Lubbock","Confirmed Victim","35"
"2020","Deaf Smith","1-Lubbock","Not Confirmed","148"
"2020","Deaf Smith","1-Lubbock","Confirmed Victim","64"
"2020","Dickens","1-Lubbock","Not Confirmed","14"
"2020","Dickens","1-Lubbock","Confirmed Victim","4"
"2020","Donley","1-Lubbock","Not Confirmed","29"
"2020","Donley","1-Lubbock","Confirmed Victim","14"
"2020","Floyd","1-Lubbock","Not Confirmed","31"
"2020","Floyd","1-Lubbock","Confirmed Victim","11"
"2020","Garza","1-Lubbock","Not Confirmed","38"
"2020","Garza","1-Lubbock","Confirmed Victim","13"
"2020","Gray","1-Lubbock","Not Confirmed","255"
"2020","Gray","1-Lubbock","Confirmed Victim","71"
"2020","Hale","1-Lubbock","Not Confirmed","284"
"2020","Hale","1-Lubbock","Confirmed Victim","114"
"2020","Hall","1-Lubbock","Not Confirmed","30"
"2020","Hall","1-Lubbock","Confirmed Victim","7"
"2020","Hansford","1-Lubbock","Not Confirmed","10"
"2020","Hansford","1-Lubbock","Confirmed Victim","2"
"2020","Hartley","1-Lubbock","Not Confirmed","16"
"2020","Hartley","1-Lubbock","Confirmed Victim","8"
"2020","Hemphill","1-Lubbock","Not Confirmed","8"
"2020","Hemphill","1-Lubbock","Confirmed Victim","2"
"2020","Hockley","1-Lubbock","Not Confirmed","250"
"2020","Hockley","1-Lubbock","Confirmed Victim","95"
"2020","Hutchinson","1-Lubbock","Not Confirmed","205"
"2020","Hutchinson","1-Lubbock","Confirmed Victim","81"
"2020","King","1-Lubbock","Not Confirmed","1"
"2020","Lamb","1-Lubbock","Not Confirmed","111"
"2020","Lamb","1-Lubbock","Confirmed Victim","49"
"2020","Lipscomb","1-Lubbock","Not Confirmed","20"
"2020","Lipscomb","1-Lubbock","Confirmed Victim","4"
"2020","Lubbock","1-Lubbock","Not Confirmed","2,680"
"2020","Lubbock","1-Lubbock","Confirmed Victim","962"
"2020","Lynn","1-Lubbock","Not Confirmed","43"
"2020","Lynn","1-Lubbock","Confirmed Victim","5"
"2020","Moore","1-Lubbock","Not Confirmed","192"
"2020","Moore","1-Lubbock","Confirmed Victim","53"
"2020","Motley","1-Lubbock","Not Confirmed","8"
"2020","Ochiltree","1-Lubbock","Not Confirmed","50"
"2020","Ochiltree","1-Lubbock","Confirmed Victim","29"
"2020","Oldham","1-Lubbock","Not Confirmed","8"
"2020","Oldham","1-Lubbock","Confirmed Victim","3"
"2020","Parmer","1-Lubbock","Not Confirmed","42"
"2020","Parmer","1-Lubbock","Confirmed Victim","25"
"2020","Potter","1-Lubbock","Not Confirmed","1,714"
"2020","Potter","1-Lubbock","Confirmed Victim","678"
"2020","Randall","1-Lubbock","Not Confirmed","1,053"
"2020","Randall","1-Lubbock","Confirmed Victim","396"
"2020","Sherman","1-Lubbock","Not Confirmed","9"
"2020","Sherman","1-Lubbock","Confirmed Victim","11"
"2020","Swisher","1-Lubbock","Not Confirmed","60"
"2020","Swisher","1-Lubbock","Confirmed Victim","15"
"2020","Terry","1-Lubbock","Not Confirmed","122"
"2020","Terry","1-Lubbock","Confirmed Victim","56"
"2020","Wheeler","1-Lubbock","Not Confirmed","39"
"2020","Wheeler","1-Lubbock","Confirmed Victim","10"
"2020","Yoakum","1-Lubbock","Not Confirmed","42"
"2020","Yoakum","1-Lubbock","Confirmed Victim","10"
"2020","Archer","2-Abilene","Not Confirmed","59"
"2020","Archer","2-Abilene","Confirmed Victim","17"
"2020","Baylor","2-Abilene","Not Confirmed","47"
"2020","Baylor","2-Abilene","Confirmed Victim","20"
"2020","Brown","2-Abilene","Not Confirmed","336"
"2020","Brown","2-Abilene","Confirmed Victim","293"
"2020","Callahan","2-Abilene","Not Confirmed","129"
"2020","Callahan","2-Abilene","Confirmed Victim","45"
"2020","Clay","2-Abilene","Not Confirmed","64"
"2020","Clay","2-Abilene","Confirmed Victim","25"
"2020","Coleman","2-Abilene","Not Confirmed","84"
"2020","Coleman","2-Abilene","Confirmed Victim","54"
"2020","Comanche","2-Abilene","Not Confirmed","133"
"2020","Comanche","2-Abilene","Confirmed Victim","30"
"2020","Cottle","2-Abilene","Not Confirmed","14"
"2020","Cottle","2-Abilene","Confirmed Victim","3"
"2020","Eastland","2-Abilene","Not Confirmed","146"
"2020","Eastland","2-Abilene","Confirmed Victim","56"
"2020","Fisher","2-Abilene","Not Confirmed","21"
"2020","Fisher","2-Abilene","Confirmed Victim","23"
"2020","Foard","2-Abilene","Not Confirmed","11"
"2020","Foard","2-Abilene","Confirmed Victim","3"
"2020","Hardeman","2-Abilene","Not Confirmed","30"
"2020","Hardeman","2-Abilene","Confirmed Victim","9"
"2020","Haskell","2-Abilene","Not Confirmed","38"
"2020","Haskell","2-Abilene","Confirmed Victim","16"
"2020","Jack","2-Abilene","Not Confirmed","77"
"2020","Jack","2-Abilene","Confirmed Victim","36"
"2020","Jones","2-Abilene","Not Confirmed","145"
"2020","Jones","2-Abilene","Confirmed Victim","63"
"2020","Kent","2-Abilene","Not Confirmed","4"
"2020","Knox","2-Abilene","Not Confirmed","30"
"2020","Knox","2-Abilene","Confirmed Victim","12"
"2020","Mitchell","2-Abilene","Not Confirmed","92"
"2020","Mitchell","2-Abilene","Confirmed Victim","64"
"2020","Montague","2-Abilene","Not Confirmed","143"
"2020","Montague","2-Abilene","Confirmed Victim","115"
"2020","Nolan","2-Abilene","Not Confirmed","213"
"2020","Nolan","2-Abilene","Confirmed Victim","107"
"2020","Runnels","2-Abilene","Not Confirmed","100"
"2020","Runnels","2-Abilene","Confirmed Victim","34"
"2020","Scurry","2-Abilene","Not Confirmed","154"
"2020","Scurry","2-Abilene","Confirmed Victim","77"
"2020","Shackelford","2-Abilene","Not Confirmed","23"
"2020","Shackelford","2-Abilene","Confirmed Victim","3"
"2020","Stephens","2-Abilene","Not Confirmed","79"
"2020","Stephens","2-Abilene","Confirmed Victim","27"
"2020","Stonewall","2-Abilene","Not Confirmed","8"
"2020","Stonewall","2-Abilene","Confirmed Victim","8"
"2020","Taylor","2-Abilene","Not Confirmed","1,683"
"2020","Taylor","2-Abilene","Confirmed Victim","943"
"2020","Throckmorton","2-Abilene","Not Confirmed","12"
"2020","Throckmorton","2-Abilene","Confirmed Victim","8"
"2020","Wichita","2-Abilene","Not Confirmed","1,598"
"2020","Wichita","2-Abilene","Confirmed Victim","526"
"2020","Wilbarger","2-Abilene","Not Confirmed","164"
"2020","Wilbarger","2-Abilene","Confirmed Victim","53"
"2020","Young","2-Abilene","Not Confirmed","162"
"2020","Young","2-Abilene","Confirmed Victim","62"
"2020","Collin","3-Arlington","Not Confirmed","3,618"
"2020","Collin","3-Arlington","Confirmed Victim","1,149"
"2020","Cooke","3-Arlington","Not Confirmed","350"
"2020","Cooke","3-Arlington","Confirmed Victim","210"
"2020","Dallas","3-Arlington","Not Confirmed","14,307"
"2020","Dallas","3-Arlington","Confirmed Victim","7,145"
"2020","Denton","3-Arlington","Not Confirmed","3,567"
"2020","Denton","3-Arlington","Confirmed Victim","1,568"
"2020","Ellis","3-Arlington","Not Confirmed","899"
"2020","Ellis","3-Arlington","Confirmed Victim","336"
"2020","Erath","3-Arlington","Not Confirmed","208"
"2020","Erath","3-Arlington","Confirmed Victim","179"
"2020","Fannin","3-Arlington","Not Confirmed","315"
"2020","Fannin","3-Arlington","Confirmed Victim","117"
"2020","Grayson","3-Arlington","Not Confirmed","1,259"
"2020","Grayson","3-Arlington","Confirmed Victim","464"
"2020","Hood","3-Arlington","Not Confirmed","508"
"2020","Hood","3-Arlington","Confirmed Victim","211"
"2020","Hunt","3-Arlington","Not Confirmed","719"
"2020","Hunt","3-Arlington","Confirmed Victim","316"
"2020","Johnson","3-Arlington","Not Confirmed","1,254"
"2020","Johnson","3-Arlington","Confirmed Victim","535"
"2020","Kaufman","3-Arlington","Not Confirmed","878"
"2020","Kaufman","3-Arlington","Confirmed Victim","378"
"2020","Navarro","3-Arlington","Not Confirmed","399"
"2020","Navarro","3-Arlington","Confirmed Victim","135"
"2020","Palo Pinto","3-Arlington","Not Confirmed","314"
"2020","Palo Pinto","3-Arlington","Confirmed Victim","201"
"2020","Parker","3-Arlington","Not Confirmed","767"
"2020","Parker","3-Arlington","Confirmed Victim","464"
"2020","Rockwall","3-Arlington","Not Confirmed","442"
"2020","Rockwall","3-Arlington","Confirmed Victim","220"
"2020","Somervell","3-Arlington","Not Confirmed","64"
"2020","Somervell","3-Arlington","Confirmed Victim","29"
"2020","Tarrant","3-Arlington","Not Confirmed","13,053"
"2020","Tarrant","3-Arlington","Confirmed Victim","6,203"
"2020","Wise","3-Arlington","Not Confirmed","487"
"2020","Wise","3-Arlington","Confirmed Victim","217"
"2020","Anderson","4-Tyler","Not Confirmed","358"
"2020","Anderson","4-Tyler","Confirmed Victim","183"
"2020","Bowie","4-Tyler","Not Confirmed","723"
"2020","Bowie","4-Tyler","Confirmed Victim","233"
"2020","Camp","4-Tyler","Not Confirmed","88"
"2020","Camp","4-Tyler","Confirmed Victim","39"
"2020","Cass","4-Tyler","Not Confirmed","257"
"2020","Cass","4-Tyler","Confirmed Victim","106"
"2020","Cherokee","4-Tyler","Not Confirmed","508"
"2020","Cherokee","4-Tyler","Confirmed Victim","244"
"2020","Delta","4-Tyler","Not Confirmed","39"
"2020","Delta","4-Tyler","Confirmed Victim","16"
"2020","Franklin","4-Tyler","Not Confirmed","69"
"2020","Franklin","4-Tyler","Confirmed Victim","35"
"2020","Gregg","4-Tyler","Not Confirmed","991"
"2020","Gregg","4-Tyler","Confirmed Victim","484"
"2020","Harrison","4-Tyler","Not Confirmed","415"
"2020","Harrison","4-Tyler","Confirmed Victim","199"
"2020","Henderson","4-Tyler","Not Confirmed","576"
"2020","Henderson","4-Tyler","Confirmed Victim","310"
"2020","Hopkins","4-Tyler","Not Confirmed","273"
"2020","Hopkins","4-Tyler","Confirmed Victim","102"
"2020","Lamar","4-Tyler","Not Confirmed","471"
"2020","Lamar","4-Tyler","Confirmed Victim","217"
"2020","Marion","4-Tyler","Not Confirmed","81"
"2020","Marion","4-Tyler","Confirmed Victim","46"
"2020","Morris","4-Tyler","Not Confirmed","118"
"2020","Morris","4-Tyler","Confirmed Victim","47"
"2020","Panola","4-Tyler","Not Confirmed","142"
"2020","Panola","4-Tyler","Confirmed Victim","70"
"2020","Rains","4-Tyler","Not Confirmed","67"
"2020","Rains","4-Tyler","Confirmed Victim","27"
"2020","Red River","4-Tyler","Not Confirmed","99"
"2020","Red River","4-Tyler","Confirmed Victim","62"
"2020","Rusk","4-Tyler","Not Confirmed","346"
"2020","Rusk","4-Tyler","Confirmed Victim","177"
"2020","Smith","4-Tyler","Not Confirmed","1,429"
"2020","Smith","4-Tyler","Confirmed Victim","634"
"2020","Titus","4-Tyler","Not Confirmed","207"
"2020","Titus","4-Tyler","Confirmed Victim","90"
"2020","Upshur","4-Tyler","Not Confirmed","236"
"2020","Upshur","4-Tyler","Confirmed Victim","124"
"2020","Van Zandt","4-Tyler","Not Confirmed","355"
"2020","Van Zandt","4-Tyler","Confirmed Victim","235"
"2020","Wood","4-Tyler","Not Confirmed","256"
"2020","Wood","4-Tyler","Confirmed Victim","119"
"2020","Angelina","5-Beaumont","Not Confirmed","783"
"2020","Angelina","5-Beaumont","Confirmed Victim","291"
"2020","Hardin","5-Beaumont","Not Confirmed","354"
"2020","Hardin","5-Beaumont","Confirmed Victim","145"
"2020","Houston","5-Beaumont","Not Confirmed","126"
"2020","Houston","5-Beaumont","Confirmed Victim","63"
"2020","Jasper","5-Beaumont","Not Confirmed","205"
"2020","Jasper","5-Beaumont","Confirmed Victim","75"
"2020","Jefferson","5-Beaumont","Not Confirmed","1,582"
"2020","Jefferson","5-Beaumont","Confirmed Victim","729"
"2020","Nacogdoches","5-Beaumont","Not Confirmed","435"
"2020","Nacogdoches","5-Beaumont","Confirmed Victim","182"
"2020","Newton","5-Beaumont","Not Confirmed","81"
"2020","Newton","5-Beaumont","Confirmed Victim","15"
"2020","Orange","5-Beaumont","Not Confirmed","765"
"2020","Orange","5-Beaumont","Confirmed Victim","281"
"2020","Polk","5-Beaumont","Not Confirmed","449"
"2020","Polk","5-Beaumont","Confirmed Victim","123"
"2020","Sabine","5-Beaumont","Not Confirmed","56"
"2020","Sabine","5-Beaumont","Confirmed Victim","14"
"2020","San Augustine","5-Beaumont","Not Confirmed","77"
"2020","San Augustine","5-Beaumont","Confirmed Victim","23"
"2020","San Jacinto","5-Beaumont","Not Confirmed","279"
"2020","San Jacinto","5-Beaumont","Confirmed Victim","76"
"2020","Shelby","5-Beaumont","Not Confirmed","186"
"2020","Shelby","5-Beaumont","Confirmed Victim","63"
"2020","Trinity","5-Beaumont","Not Confirmed","128"
"2020","Trinity","5-Beaumont","Confirmed Victim","55"
"2020","Tyler","5-Beaumont","Not Confirmed","141"
"2020","Tyler","5-Beaumont","Confirmed Victim","47"
"2020","Austin","6-Houston","Not Confirmed","159"
"2020","Austin","6-Houston","Confirmed Victim","47"
"2020","Brazoria","6-Houston","Not Confirmed","1,762"
"2020","Brazoria","6-Houston","Confirmed Victim","634"
"2020","Chambers","6-Houston","Not Confirmed","210"
"2020","Chambers","6-Houston","Confirmed Victim","56"
"2020","Colorado","6-Houston","Not Confirmed","107"
"2020","Colorado","6-Houston","Confirmed Victim","28"
"2020","Fort Bend","6-Houston","Not Confirmed","2,817"
"2020","Fort Bend","6-Houston","Confirmed Victim","498"
"2020","Galveston","6-Houston","Not Confirmed","2,020"
"2020","Galveston","6-Houston","Confirmed Victim","639"
"2020","Harris","6-Houston","Not Confirmed","31,529"
"2020","Harris","6-Houston","Confirmed Victim","6,882"
"2020","Liberty","6-Houston","Not Confirmed","615"
"2020","Liberty","6-Houston","Confirmed Victim","187"
"2020","Matagorda","6-Houston","Not Confirmed","280"
"2020","Matagorda","6-Houston","Confirmed Victim","142"
"2020","Montgomery","6-Houston","Not Confirmed","3,293"
"2020","Montgomery","6-Houston","Confirmed Victim","826"
"2020","Walker","6-Houston","Not Confirmed","382"
"2020","Walker","6-Houston","Confirmed Victim","58"
"2020","Waller","6-Houston","Not Confirmed","215"
"2020","Waller","6-Houston","Confirmed Victim","55"
"2020","Wharton","6-Houston","Not Confirmed","288"
"2020","Wharton","6-Houston","Confirmed Victim","116"
"2020","Bastrop","7-Austin","Not Confirmed","745"
"2020","Bastrop","7-Austin","Confirmed Victim","281"
"2020","Bell","7-Austin","Not Confirmed","3,239"
"2020","Bell","7-Austin","Confirmed Victim","1,738"
"2020","Blanco","7-Austin","Not Confirmed","40"
"2020","Blanco","7-Austin","Confirmed Victim","18"
"2020","Bosque","7-Austin","Not Confirmed","161"
"2020","Bosque","7-Austin","Confirmed Victim","74"
"2020","Brazos","7-Austin","Not Confirmed","1,009"
"2020","Brazos","7-Austin","Confirmed Victim","480"
"2020","Burleson","7-Austin","Not Confirmed","109"
"2020","Burleson","7-Austin","Confirmed Victim","53"
"2020","Burnet","7-Austin","Not Confirmed","352"
"2020","Burnet","7-Austin","Confirmed Victim","159"
"2020","Caldwell","7-Austin","Not Confirmed","463"
"2020","Caldwell","7-Austin","Confirmed Victim","164"
"2020","Coryell","7-Austin","Not Confirmed","763"
"2020","Coryell","7-Austin","Confirmed Victim","422"
"2020","Falls","7-Austin","Not Confirmed","134"
"2020","Falls","7-Austin","Confirmed Victim","98"
"2020","Fayette","7-Austin","Not Confirmed","147"
"2020","Fayette","7-Austin","Confirmed Victim","47"
"2020","Freestone","7-Austin","Not Confirmed","114"
"2020","Freestone","7-Austin","Confirmed Victim","43"
"2020","Grimes","7-Austin","Not Confirmed","205"
"2020","Grimes","7-Austin","Confirmed Victim","42"
"2020","Hamilton","7-Austin","Not Confirmed","67"
"2020","Hamilton","7-Austin","Confirmed Victim","41"
"2020","Hays","7-Austin","Not Confirmed","1,116"
"2020","Hays","7-Austin","Confirmed Victim","460"
"2020","Hill","7-Austin","Not Confirmed","285"
"2020","Hill","7-Austin","Confirmed Victim","150"
"2020","Lampasas","7-Austin","Not Confirmed","163"
"2020","Lampasas","7-Austin","Confirmed Victim","96"
"2020","Lee","7-Austin","Not Confirmed","119"
"2020","Lee","7-Austin","Confirmed Victim","38"
"2020","Leon","7-Austin","Not Confirmed","71"
"2020","Leon","7-Austin","Confirmed Victim","20"
"2020","Limestone","7-Austin","Not Confirmed","170"
"2020","Limestone","7-Austin","Confirmed Victim","78"
"2020","Llano","7-Austin","Not Confirmed","187"
"2020","Llano","7-Austin","Confirmed Victim","105"
"2020","Madison","7-Austin","Not Confirmed","67"
"2020","Madison","7-Austin","Confirmed Victim","16"
"2020","McLennan","7-Austin","Not Confirmed","2,376"
"2020","McLennan","7-Austin","Confirmed Victim","1,197"
"2020","Milam","7-Austin","Not Confirmed","193"
"2020","Milam","7-Austin","Confirmed Victim","73"
"2020","Mills","7-Austin","Not Confirmed","26"
"2020","Mills","7-Austin","Confirmed Victim","13"
"2020","Robertson","7-Austin","Not Confirmed","146"
"2020","Robertson","7-Austin","Confirmed Victim","52"
"2020","San Saba","7-Austin","Not Confirmed","25"
"2020","San Saba","7-Austin","Confirmed Victim","25"
"2020","Travis","7-Austin","Not Confirmed","5,821"
"2020","Travis","7-Austin","Confirmed Victim","2,391"
"2020","Washington","7-Austin","Not Confirmed","156"
"2020","Washington","7-Austin","Confirmed Victim","61"
"2020","Williamson","7-Austin","Not Confirmed","2,731"
"2020","Williamson","7-Austin","Confirmed Victim","690"
"2020","Atascosa","8-San Antonio","Not Confirmed","541"
"2020","Atascosa","8-San Antonio","Confirmed Victim","240"
"2020","Bandera","8-San Antonio","Not Confirmed","176"
"2020","Bandera","8-San Antonio","Confirmed Victim","48"
"2020","Bexar","8-San Antonio","Not Confirmed","14,373"
"2020","Bexar","8-San Antonio","Confirmed Victim","5,499"
"2020","Calhoun","8-San Antonio","Not Confirmed","101"
"2020","Calhoun","8-San Antonio","Confirmed Victim","55"
"2020","Comal","8-San Antonio","Not Confirmed","923"
"2020","Comal","8-San Antonio","Confirmed Victim","357"
"2020","DeWitt","8-San Antonio","Not Confirmed","159"
"2020","DeWitt","8-San Antonio","Confirmed Victim","31"
"2020","Dimmit","8-San Antonio","Not Confirmed","124"
"2020","Dimmit","8-San Antonio","Confirmed Victim","41"
"2020","Edwards","8-San Antonio","Not Confirmed","10"
"2020","Edwards","8-San Antonio","Confirmed Victim","1"
"2020","Frio","8-San Antonio","Not Confirmed","191"
"2020","Frio","8-San Antonio","Confirmed Victim","82"
"2020","Gillespie","8-San Antonio","Not Confirmed","104"
"2020","Gillespie","8-San Antonio","Confirmed Victim","53"
"2020","Goliad","8-San Antonio","Not Confirmed","40"
"2020","Goliad","8-San Antonio","Confirmed Victim","19"
"2020","Gonzales","8-San Antonio","Not Confirmed","189"
"2020","Gonzales","8-San Antonio","Confirmed Victim","46"
"2020","Guadalupe","8-San Antonio","Not Confirmed","1,200"
"2020","Guadalupe","8-San Antonio","Confirmed Victim","303"
"2020","Jackson","8-San Antonio","Not Confirmed","68"
"2020","Jackson","8-San Antonio","Confirmed Victim","28"
"2020","Karnes","8-San Antonio","Not Confirmed","102"
"2020","Karnes","8-San Antonio","Confirmed Victim","48"
"2020","Kendall","8-San Antonio","Not Confirmed","179"
"2020","Kendall","8-San Antonio","Confirmed Victim","53"
"2020","Kerr","8-San Antonio","Not Confirmed","317"
"2020","Kerr","8-San Antonio","Confirmed Victim","149"
"2020","Kinney","8-San Antonio","Not Confirmed","18"
"2020","Kinney","8-San Antonio","Confirmed Victim","13"
"2020","La Salle","8-San Antonio","Not Confirmed","72"
"2020","La Salle","8-San Antonio","Confirmed Victim","33"
"2020","Lavaca","8-San Antonio","Not Confirmed","120"
"2020","Lavaca","8-San Antonio","Confirmed Victim","47"
"2020","Maverick","8-San Antonio","Not Confirmed","222"
"2020","Maverick","8-San Antonio","Confirmed Victim","64"
"2020","Medina","8-San Antonio","Not Confirmed","387"
"2020","Medina","8-San Antonio","Confirmed Victim","145"
"2020","Real","8-San Antonio","Not Confirmed","33"
"2020","Real","8-San Antonio","Confirmed Victim","6"
"2020","Uvalde","8-San Antonio","Not Confirmed","279"
"2020","Uvalde","8-San Antonio","Confirmed Victim","100"
"2020","Val Verde","8-San Antonio","Not Confirmed","251"
"2020","Val Verde","8-San Antonio","Confirmed Victim","118"
"2020","Victoria","8-San Antonio","Not Confirmed","513"
"2020","Victoria","8-San Antonio","Confirmed Victim","263"
"2020","Wilson","8-San Antonio","Not Confirmed","214"
"2020","Wilson","8-San Antonio","Confirmed Victim","73"
"2020","Zavala","8-San Antonio","Not Confirmed","136"
"2020","Zavala","8-San Antonio","Confirmed Victim","48"
"2020","Andrews","9-Midland","Not Confirmed","154"
"2020","Andrews","9-Midland","Confirmed Victim","66"
"2020","Borden","9-Midland","Not Confirmed","6"
"2020","Coke","9-Midland","Not Confirmed","38"
"2020","Coke","9-Midland","Confirmed Victim","3"
"2020","Concho","9-Midland","Not Confirmed","18"
"2020","Concho","9-Midland","Confirmed Victim","12"
"2020","Crane","9-Midland","Not Confirmed","26"
"2020","Crane","9-Midland","Confirmed Victim","8"
"2020","Crockett","9-Midland","Not Confirmed","30"
"2020","Crockett","9-Midland","Confirmed Victim","9"
"2020","Dawson","9-Midland","Not Confirmed","92"
"2020","Dawson","9-Midland","Confirmed Victim","55"
"2020","Ector","9-Midland","Not Confirmed","1,359"
"2020","Ector","9-Midland","Confirmed Victim","373"
"2020","Gaines","9-Midland","Not Confirmed","112"
"2020","Gaines","9-Midland","Confirmed Victim","32"
"2020","Glasscock","9-Midland","Not Confirmed","3"
"2020","Glasscock","9-Midland","Confirmed Victim","2"
"2020","Howard","9-Midland","Not Confirmed","323"
"2020","Howard","9-Midland","Confirmed Victim","151"
"2020","Irion","9-Midland","Not Confirmed","8"
"2020","Irion","9-Midland","Confirmed Victim","8"
"2020","Kimble","9-Midland","Not Confirmed","47"
"2020","Kimble","9-Midland","Confirmed Victim","3"
"2020","Loving","9-Midland","Not Confirmed","1"
"2020","Martin","9-Midland","Not Confirmed","59"
"2020","Martin","9-Midland","Confirmed Victim","11"
"2020","Mason","9-Midland","Not Confirmed","14"
"2020","Mason","9-Midland","Confirmed Victim","6"
"2020","McCulloch","9-Midland","Not Confirmed","94"
"2020","McCulloch","9-Midland","Confirmed Victim","26"
"2020","Menard","9-Midland","Not Confirmed","18"
"2020","Menard","9-Midland","Confirmed Victim","9"
"2020","Midland","9-Midland","Not Confirmed","1,119"
"2020","Midland","9-Midland","Confirmed Victim","336"
"2020","Pecos","9-Midland","Not Confirmed","90"
"2020","Pecos","9-Midland","Confirmed Victim","62"
"2020","Reagan","9-Midland","Not Confirmed","17"
"2020","Reagan","9-Midland","Confirmed Victim","9"
"2020","Reeves","9-Midland","Not Confirmed","64"
"2020","Reeves","9-Midland","Confirmed Victim","36"
"2020","Schleicher","9-Midland","Not Confirmed","22"
"2020","Schleicher","9-Midland","Confirmed Victim","1"
"2020","Sterling","9-Midland","Not Confirmed","8"
"2020","Sterling","9-Midland","Confirmed Victim","2"
"2020","Sutton","9-Midland","Not Confirmed","25"
"2020","Sutton","9-Midland","Confirmed Victim","9"
"2020","Terrell","9-Midland","Not Confirmed","3"
"2020","Terrell","9-Midland","Confirmed Victim","2"
"2020","Tom Green","9-Midland","Not Confirmed","1,179"
"2020","Tom Green","9-Midland","Confirmed Victim","431"
"2020","Upton","9-Midland","Not Confirmed","25"
"2020","Upton","9-Midland","Confirmed Victim","5"
"2020","Ward","9-Midland","Not Confirmed","103"
"2020","Ward","9-Midland","Confirmed Victim","61"
"2020","Winkler","9-Midland","Not Confirmed","49"
"2020","Winkler","9-Midland","Confirmed Victim","42"
"2020","Brewster","10-El Paso","Not Confirmed","40"
"2020","Brewster","10-El Paso","Confirmed Victim","11"
"2020","Culberson","10-El Paso","Not Confirmed","15"
"2020","Culberson","10-El Paso","Confirmed Victim","17"
"2020","El Paso","10-El Paso","Not Confirmed","4,994"
"2020","El Paso","10-El Paso","Confirmed Victim","1,778"
"2020","Hudspeth","10-El Paso","Not Confirmed","30"
"2020","Hudspeth","10-El Paso","Confirmed Victim","7"
"2020","Jeff Davis","10-El Paso","Not Confirmed","12"
"2020","Jeff Davis","10-El Paso","Confirmed Victim","2"
"2020","Presidio","10-El Paso","Not Confirmed","15"
"2020","Presidio","10-El Paso","Confirmed Victim","10"
"2020","Aransas","11-Edinburg","Not Confirmed","217"
"2020","Aransas","11-Edinburg","Confirmed Victim","120"
"2020","Bee","11-Edinburg","Not Confirmed","366"
"2020","Bee","11-Edinburg","Confirmed Victim","92"
"2020","Brooks","11-Edinburg","Not Confirmed","111"
"2020","Brooks","11-Edinburg","Confirmed Victim","53"
"2020","Cameron","11-Edinburg","Not Confirmed","2,956"
"2020","Cameron","11-Edinburg","Confirmed Victim","1,042"
"2020","Duval","11-Edinburg","Not Confirmed","148"
"2020","Duval","11-Edinburg","Confirmed Victim","39"
"2020","Hidalgo","11-Edinburg","Not Confirmed","6,464"
"2020","Hidalgo","11-Edinburg","Confirmed Victim","1,923"
"2020","Jim Hogg","11-Edinburg","Not Confirmed","80"
"2020","Jim Hogg","11-Edinburg","Confirmed Victim","26"
"2020","Jim Wells","11-Edinburg","Not Confirmed","451"
"2020","Jim Wells","11-Edinburg","Confirmed Victim","123"
"2020","Kenedy","11-Edinburg","Not Confirmed","1"
"2020","Kleberg","11-Edinburg","Not Confirmed","285"
"2020","Kleberg","11-Edinburg","Confirmed Victim","131"
"2020","Live Oak","11-Edinburg","Not Confirmed","102"
"2020","Live Oak","11-Edinburg","Confirmed Victim","41"
"2020","McMullen","11-Edinburg","Not Confirmed","5"
"2020","McMullen","11-Edinburg","Confirmed Victim","3"
"2020","Nueces","11-Edinburg","Not Confirmed","3,343"
"2020","Nueces","11-Edinburg","Confirmed Victim","1,188"
"2020","Refugio","11-Edinburg","Not Confirmed","118"
"2020","Refugio","11-Edinburg","Confirmed Victim","34"
"2020","San Patricio","11-Edinburg","Not Confirmed","628"
"2020","San Patricio","11-Edinburg","Confirmed Victim","220"
"2020","Starr","11-Edinburg","Not Confirmed","393"
"2020","Starr","11-Edinburg","Confirmed Victim","117"
"2020","Webb","11-Edinburg","Not Confirmed","1,824"
"2020","Webb","11-Edinburg","Confirmed Victim","568"
"2020","Willacy","11-Edinburg","Not Confirmed","224"
"2020","Willacy","11-Edinburg","Confirmed Victim","108"
"2020","Zapata","11-Edinburg","Not Confirmed","144"
"2020","Zapata","11-Edinburg","Confirmed Victim","34"
"2020","Out of State","Out of State","Not Confirmed","26"
"2020","Out of State","Out of State","Confirmed Victim","12"
"2019","Armstrong","1-Lubbock","Not Confirmed","20"
"2019","Armstrong","1-Lubbock","Confirmed Victim","4"
"2019","Bailey","1-Lubbock","Not Confirmed","52"
"2019","Bailey","1-Lubbock","Confirmed Victim","23"
"2019","Briscoe","1-Lubbock","Not Confirmed","18"
"2019","Briscoe","1-Lubbock","Confirmed Victim","3"
"2019","Carson","1-Lubbock","Not Confirmed","29"
"2019","Carson","1-Lubbock","Confirmed Victim","16"
"2019","Castro","1-Lubbock","Not Confirmed","30"
"2019","Castro","1-Lubbock","Confirmed Victim","22"
"2019","Childress","1-Lubbock","Not Confirmed","60"
"2019","Childress","1-Lubbock","Confirmed Victim","30"
"2019","Cochran","1-Lubbock","Not Confirmed","13"
"2019","Cochran","1-Lubbock","Confirmed Victim","6"
"2019","Collingsworth","1-Lubbock","Not Confirmed","25"
"2019","Collingsworth","1-Lubbock","Confirmed Victim","15"
"2019","Crosby","1-Lubbock","Not Confirmed","83"
"2019","Crosby","1-Lubbock","Confirmed Victim","19"
"2019","Dallam","1-Lubbock","Not Confirmed","58"
"2019","Dallam","1-Lubbock","Confirmed Victim","35"
"2019","Deaf Smith","1-Lubbock","Not Confirmed","202"
"2019","Deaf Smith","1-Lubbock","Confirmed Victim","62"
"2019","Dickens","1-Lubbock","Not Confirmed","9"
"2019","Dickens","1-Lubbock","Confirmed Victim","9"
"2019","Donley","1-Lubbock","Not Confirmed","21"
"2019","Donley","1-Lubbock","Confirmed Victim","10"
"2019","Floyd","1-Lubbock","Not Confirmed","53"
"2019","Floyd","1-Lubbock","Confirmed Victim","13"
"2019","Garza","1-Lubbock","Not Confirmed","65"
"2019","Garza","1-Lubbock","Confirmed Victim","32"
"2019","Gray","1-Lubbock","Not Confirmed","219"
"2019","Gray","1-Lubbock","Confirmed Victim","82"
"2019","Hale","1-Lubbock","Not Confirmed","307"
"2019","Hale","1-Lubbock","Confirmed Victim","71"
"2019","Hall","1-Lubbock","Not Confirmed","36"
"2019","Hall","1-Lubbock","Confirmed Victim","4"
"2019","Hansford","1-Lubbock","Not Confirmed","22"
"2019","Hansford","1-Lubbock","Confirmed Victim","5"
"2019","Hartley","1-Lubbock","Not Confirmed","27"
"2019","Hartley","1-Lubbock","Confirmed Victim","7"
"2019","Hemphill","1-Lubbock","Not Confirmed","12"
"2019","Hemphill","1-Lubbock","Confirmed Victim","8"
"2019","Hockley","1-Lubbock","Not Confirmed","256"
"2019","Hockley","1-Lubbock","Confirmed Victim","106"
"2019","Hutchinson","1-Lubbock","Not Confirmed","210"
"2019","Hutchinson","1-Lubbock","Confirmed Victim","99"
"2019","King","1-Lubbock","Not Confirmed","3"
"2019","Lamb","1-Lubbock","Not Confirmed","114"
"2019","Lamb","1-Lubbock","Confirmed Victim","36"
"2019","Lipscomb","1-Lubbock","Not Confirmed","12"
"2019","Lipscomb","1-Lubbock","Confirmed Victim","2"
"2019","Lubbock","1-Lubbock","Not Confirmed","2,619"
"2019","Lubbock","1-Lubbock","Confirmed Victim","1,217"
"2019","Lynn","1-Lubbock","Not Confirmed","46"
"2019","Lynn","1-Lubbock","Confirmed Victim","17"
"2019","Moore","1-Lubbock","Not Confirmed","184"
"2019","Moore","1-Lubbock","Confirmed Victim","88"
"2019","Motley","1-Lubbock","Not Confirmed","7"
"2019","Motley","1-Lubbock","Confirmed Victim","4"
"2019","Ochiltree","1-Lubbock","Not Confirmed","71"
"2019","Ochiltree","1-Lubbock","Confirmed Victim","24"
"2019","Oldham","1-Lubbock","Not Confirmed","8"
"2019","Oldham","1-Lubbock","Confirmed Victim","4"
"2019","Parmer","1-Lubbock","Not Confirmed","63"
"2019","Parmer","1-Lubbock","Confirmed Victim","21"
"2019","Potter","1-Lubbock","Not Confirmed","1,769"
"2019","Potter","1-Lubbock","Confirmed Victim","607"
"2019","Randall","1-Lubbock","Not Confirmed","981"
"2019","Randall","1-Lubbock","Confirmed Victim","269"
"2019","Roberts","1-Lubbock","Confirmed Victim","4"
"2019","Sherman","1-Lubbock","Not Confirmed","15"
"2019","Sherman","1-Lubbock","Confirmed Victim","3"
"2019","Swisher","1-Lubbock","Not Confirmed","61"
"2019","Swisher","1-Lubbock","Confirmed Victim","30"
"2019","Terry","1-Lubbock","Not Confirmed","159"
"2019","Terry","1-Lubbock","Confirmed Victim","61"
"2019","Wheeler","1-Lubbock","Not Confirmed","55"
"2019","Wheeler","1-Lubbock","Confirmed Victim","15"
"2019","Yoakum","1-Lubbock","Not Confirmed","43"
"2019","Yoakum","1-Lubbock","Confirmed Victim","12"
"2019","Archer","2-Abilene","Not Confirmed","61"
"2019","Archer","2-Abilene","Confirmed Victim","14"
"2019","Baylor","2-Abilene","Not Confirmed","44"
"2019","Baylor","2-Abilene","Confirmed Victim","14"
"2019","Brown","2-Abilene","Not Confirmed","360"
"2019","Brown","2-Abilene","Confirmed Victim","232"
"2019","Callahan","2-Abilene","Not Confirmed","158"
"2019","Callahan","2-Abilene","Confirmed Victim","48"
"2019","Clay","2-Abilene","Not Confirmed","88"
"2019","Clay","2-Abilene","Confirmed Victim","20"
"2019","Coleman","2-Abilene","Not Confirmed","68"
"2019","Coleman","2-Abilene","Confirmed Victim","51"
"2019","Comanche","2-Abilene","Not Confirmed","113"
"2019","Comanche","2-Abilene","Confirmed Victim","58"
"2019","Cottle","2-Abilene","Not Confirmed","8"
"2019","Cottle","2-Abilene","Confirmed Victim","9"
"2019","Eastland","2-Abilene","Not Confirmed","261"
"2019","Eastland","2-Abilene","Confirmed Victim","76"
"2019","Fisher","2-Abilene","Not Confirmed","52"
"2019","Fisher","2-Abilene","Confirmed Victim","8"
"2019","Foard","2-Abilene","Not Confirmed","10"
"2019","Foard","2-Abilene","Confirmed Victim","4"
"2019","Hardeman","2-Abilene","Not Confirmed","38"
"2019","Hardeman","2-Abilene","Confirmed Victim","6"
"2019","Haskell","2-Abilene","Not Confirmed","59"
"2019","Haskell","2-Abilene","Confirmed Victim","23"
"2019","Jack","2-Abilene","Not Confirmed","64"
"2019","Jack","2-Abilene","Confirmed Victim","43"
"2019","Jones","2-Abilene","Not Confirmed","211"
"2019","Jones","2-Abilene","Confirmed Victim","95"
"2019","Kent","2-Abilene","Not Confirmed","3"
"2019","Kent","2-Abilene","Confirmed Victim","1"
"2019","Knox","2-Abilene","Not Confirmed","43"
"2019","Knox","2-Abilene","Confirmed Victim","13"
"2019","Mitchell","2-Abilene","Not Confirmed","105"
"2019","Mitchell","2-Abilene","Confirmed Victim","33"
"2019","Montague","2-Abilene","Not Confirmed","179"
"2019","Montague","2-Abilene","Confirmed Victim","138"
"2019","Nolan","2-Abilene","Not Confirmed","228"
"2019","Nolan","2-Abilene","Confirmed Victim","102"
"2019","Runnels","2-Abilene","Not Confirmed","95"
"2019","Runnels","2-Abilene","Confirmed Victim","26"
"2019","Scurry","2-Abilene","Not Confirmed","211"
"2019","Scurry","2-Abilene","Confirmed Victim","68"
"2019","Shackelford","2-Abilene","Not Confirmed","13"
"2019","Shackelford","2-Abilene","Confirmed Victim","4"
"2019","Stephens","2-Abilene","Not Confirmed","127"
"2019","Stephens","2-Abilene","Confirmed Victim","36"
"2019","Stonewall","2-Abilene","Not Confirmed","6"
"2019","Stonewall","2-Abilene","Confirmed Victim","4"
"2019","Taylor","2-Abilene","Not Confirmed","1,702"
"2019","Taylor","2-Abilene","Confirmed Victim","862"
"2019","Throckmorton","2-Abilene","Not Confirmed","12"
"2019","Throckmorton","2-Abilene","Confirmed Victim","1"
"2019","Wichita","2-Abilene","Not Confirmed","1,748"
"2019","Wichita","2-Abilene","Confirmed Victim","485"
"2019","Wilbarger","2-Abilene","Not Confirmed","186"
"2019","Wilbarger","2-Abilene","Confirmed Victim","55"
"2019","Young","2-Abilene","Not Confirmed","158"
"2019","Young","2-Abilene","Confirmed Victim","64"
"2019","Collin","3-Arlington","Not Confirmed","3,702"
"2019","Collin","3-Arlington","Confirmed Victim","1,328"
"2019","Cooke","3-Arlington","Not Confirmed","367"
"2019","Cooke","3-Arlington","Confirmed Victim","195"
"2019","Dallas","3-Arlington","Not Confirmed","15,331"
"2019","Dallas","3-Arlington","Confirmed Victim","6,860"
"2019","Denton","3-Arlington","Not Confirmed","3,456"
"2019","Denton","3-Arlington","Confirmed Victim","1,398"
"2019","Ellis","3-Arlington","Not Confirmed","1,000"
"2019","Ellis","3-Arlington","Confirmed Victim","341"
"2019","Erath","3-Arlington","Not Confirmed","269"
"2019","Erath","3-Arlington","Confirmed Victim","165"
"2019","Fannin","3-Arlington","Not Confirmed","284"
"2019","Fannin","3-Arlington","Confirmed Victim","111"
"2019","Grayson","3-Arlington","Not Confirmed","979"
"2019","Grayson","3-Arlington","Confirmed Victim","570"
"2019","Hood","3-Arlington","Not Confirmed","565"
"2019","Hood","3-Arlington","Confirmed Victim","230"
"2019","Hunt","3-Arlington","Not Confirmed","823"
"2019","Hunt","3-Arlington","Confirmed Victim","347"
"2019","Johnson","3-Arlington","Not Confirmed","1,373"
"2019","Johnson","3-Arlington","Confirmed Victim","596"
"2019","Kaufman","3-Arlington","Not Confirmed","947"
"2019","Kaufman","3-Arlington","Confirmed Victim","392"
"2019","Navarro","3-Arlington","Not Confirmed","416"
"2019","Navarro","3-Arlington","Confirmed Victim","119"
"2019","Palo Pinto","3-Arlington","Not Confirmed","311"
"2019","Palo Pinto","3-Arlington","Confirmed Victim","180"
"2019","Parker","3-Arlington","Not Confirmed","892"
"2019","Parker","3-Arlington","Confirmed Victim","445"
"2019","Rockwall","3-Arlington","Not Confirmed","413"
"2019","Rockwall","3-Arlington","Confirmed Victim","211"
"2019","Somervell","3-Arlington","Not Confirmed","78"
"2019","Somervell","3-Arlington","Confirmed Victim","21"
"2019","Tarrant","3-Arlington","Not Confirmed","14,231"
"2019","Tarrant","3-Arlington","Confirmed Victim","5,536"
"2019","Wise","3-Arlington","Not Confirmed","481"
"2019","Wise","3-Arlington","Confirmed Victim","204"
"2019","Anderson","4-Tyler","Not Confirmed","315"
"2019","Anderson","4-Tyler","Confirmed Victim","237"
"2019","Bowie","4-Tyler","Not Confirmed","858"
"2019","Bowie","4-Tyler","Confirmed Victim","226"
"2019","Camp","4-Tyler","Not Confirmed","89"
"2019","Camp","4-Tyler","Confirmed Victim","46"
"2019","Cass","4-Tyler","Not Confirmed","243"
"2019","Cass","4-Tyler","Confirmed Victim","109"
"2019","Cherokee","4-Tyler","Not Confirmed","532"
"2019","Cherokee","4-Tyler","Confirmed Victim","221"
"2019","Delta","4-Tyler","Not Confirmed","34"
"2019","Delta","4-Tyler","Confirmed Victim","17"
"2019","Franklin","4-Tyler","Not Confirmed","54"
"2019","Franklin","4-Tyler","Confirmed Victim","28"
"2019","Gregg","4-Tyler","Not Confirmed","1,004"
"2019","Gregg","4-Tyler","Confirmed Victim","496"
"2019","Harrison","4-Tyler","Not Confirmed","426"
"2019","Harrison","4-Tyler","Confirmed Victim","194"
"2019","Henderson","4-Tyler","Not Confirmed","803"
"2019","Henderson","4-Tyler","Confirmed Victim","340"
"2019","Hopkins","4-Tyler","Not Confirmed","297"
"2019","Hopkins","4-Tyler","Confirmed Victim","97"
"2019","Lamar","4-Tyler","Not Confirmed","511"
"2019","Lamar","4-Tyler","Confirmed Victim","268"
"2019","Marion","4-Tyler","Not Confirmed","95"
"2019","Marion","4-Tyler","Confirmed Victim","57"
"2019","Morris","4-Tyler","Not Confirmed","133"
"2019","Morris","4-Tyler","Confirmed Victim","55"
"2019","Panola","4-Tyler","Not Confirmed","162"
"2019","Panola","4-Tyler","Confirmed Victim","67"
"2019","Rains","4-Tyler","Not Confirmed","94"
"2019","Rains","4-Tyler","Confirmed Victim","30"
"2019","Red River","4-Tyler","Not Confirmed","106"
"2019","Red River","4-Tyler","Confirmed Victim","42"
"2019","Rusk","4-Tyler","Not Confirmed","414"
"2019","Rusk","4-Tyler","Confirmed Victim","193"
"2019","Smith","4-Tyler","Not Confirmed","1,464"
"2019","Smith","4-Tyler","Confirmed Victim","552"
"2019","Titus","4-Tyler","Not Confirmed","298"
"2019","Titus","4-Tyler","Confirmed Victim","119"
"2019","Upshur","4-Tyler","Not Confirmed","289"
"2019","Upshur","4-Tyler","Confirmed Victim","181"
"2019","Van Zandt","4-Tyler","Not Confirmed","458"
"2019","Van Zandt","4-Tyler","Confirmed Victim","199"
"2019","Wood","4-Tyler","Not Confirmed","282"
"2019","Wood","4-Tyler","Confirmed Victim","126"
"2019","Angelina","5-Beaumont","Not Confirmed","806"
"2019","Angelina","5-Beaumont","Confirmed Victim","208"
"2019","Hardin","5-Beaumont","Not Confirmed","464"
"2019","Hardin","5-Beaumont","Confirmed Victim","159"
"2019","Houston","5-Beaumont","Not Confirmed","126"
"2019","Houston","5-Beaumont","Confirmed Victim","79"
"2019","Jasper","5-Beaumont","Not Confirmed","281"
"2019","Jasper","5-Beaumont","Confirmed Victim","85"
"2019","Jefferson","5-Beaumont","Not Confirmed","2,008"
"2019","Jefferson","5-Beaumont","Confirmed Victim","685"
"2019","Nacogdoches","5-Beaumont","Not Confirmed","452"
"2019","Nacogdoches","5-Beaumont","Confirmed Victim","173"
"2019","Newton","5-Beaumont","Not Confirmed","87"
"2019","Newton","5-Beaumont","Confirmed Victim","17"
"2019","Orange","5-Beaumont","Not Confirmed","780"
"2019","Orange","5-Beaumont","Confirmed Victim","296"
"2019","Polk","5-Beaumont","Not Confirmed","471"
"2019","Polk","5-Beaumont","Confirmed Victim","135"
"2019","Sabine","5-Beaumont","Not Confirmed","55"
"2019","Sabine","5-Beaumont","Confirmed Victim","20"
"2019","San Augustine","5-Beaumont","Not Confirmed","55"
"2019","San Augustine","5-Beaumont","Confirmed Victim","13"
"2019","San Jacinto","5-Beaumont","Not Confirmed","263"
"2019","San Jacinto","5-Beaumont","Confirmed Victim","81"
"2019","Shelby","5-Beaumont","Not Confirmed","189"
"2019","Shelby","5-Beaumont","Confirmed Victim","55"
"2019","Trinity","5-Beaumont","Not Confirmed","151"
"2019","Trinity","5-Beaumont","Confirmed Victim","66"
"2019","Tyler","5-Beaumont","Not Confirmed","141"
"2019","Tyler","5-Beaumont","Confirmed Victim","75"
"2019","Austin","6-Houston","Not Confirmed","178"
"2019","Austin","6-Houston","Confirmed Victim","42"
"2019","Brazoria","6-Houston","Not Confirmed","1,832"
"2019","Brazoria","6-Houston","Confirmed Victim","623"
"2019","Chambers","6-Houston","Not Confirmed","224"
"2019","Chambers","6-Houston","Confirmed Victim","68"
"2019","Colorado","6-Houston","Not Confirmed","123"
"2019","Colorado","6-Houston","Confirmed Victim","21"
"2019","Fort Bend","6-Houston","Not Confirmed","3,036"
"2019","Fort Bend","6-Houston","Confirmed Victim","540"
"2019","Galveston","6-Houston","Not Confirmed","2,270"
"2019","Galveston","6-Houston","Confirmed Victim","708"
"2019","Harris","6-Houston","Not Confirmed","31,999"
"2019","Harris","6-Houston","Confirmed Victim","6,948"
"2019","Liberty","6-Houston","Not Confirmed","634"
"2019","Liberty","6-Houston","Confirmed Victim","195"
"2019","Matagorda","6-Houston","Not Confirmed","302"
"2019","Matagorda","6-Houston","Confirmed Victim","127"
"2019","Montgomery","6-Houston","Not Confirmed","3,284"
"2019","Montgomery","6-Houston","Confirmed Victim","861"
"2019","Walker","6-Houston","Not Confirmed","326"
"2019","Walker","6-Houston","Confirmed Victim","101"
"2019","Waller","6-Houston","Not Confirmed","298"
"2019","Waller","6-Houston","Confirmed Victim","42"
"2019","Wharton","6-Houston","Not Confirmed","279"
"2019","Wharton","6-Houston","Confirmed Victim","81"
"2019","Bastrop","7-Austin","Not Confirmed","829"
"2019","Bastrop","7-Austin","Confirmed Victim","286"
"2019","Bell","7-Austin","Not Confirmed","3,604"
"2019","Bell","7-Austin","Confirmed Victim","1,332"
"2019","Blanco","7-Austin","Not Confirmed","48"
"2019","Blanco","7-Austin","Confirmed Victim","14"
"2019","Bosque","7-Austin","Not Confirmed","125"
"2019","Bosque","7-Austin","Confirmed Victim","89"
"2019","Brazos","7-Austin","Not Confirmed","1,330"
"2019","Brazos","7-Austin","Confirmed Victim","313"
"2019","Burleson","7-Austin","Not Confirmed","173"
"2019","Burleson","7-Austin","Confirmed Victim","64"
"2019","Burnet","7-Austin","Not Confirmed","340"
"2019","Burnet","7-Austin","Confirmed Victim","210"
"2019","Caldwell","7-Austin","Not Confirmed","461"
"2019","Caldwell","7-Austin","Confirmed Victim","167"
"2019","Coryell","7-Austin","Not Confirmed","820"
"2019","Coryell","7-Austin","Confirmed Victim","411"
"2019","Falls","7-Austin","Not Confirmed","159"
"2019","Falls","7-Austin","Confirmed Victim","66"
"2019","Fayette","7-Austin","Not Confirmed","151"
"2019","Fayette","7-Austin","Confirmed Victim","38"
"2019","Freestone","7-Austin","Not Confirmed","138"
"2019","Freestone","7-Austin","Confirmed Victim","56"
"2019","Grimes","7-Austin","Not Confirmed","233"
"2019","Grimes","7-Austin","Confirmed Victim","57"
"2019","Hamilton","7-Austin","Not Confirmed","60"
"2019","Hamilton","7-Austin","Confirmed Victim","44"
"2019","Hays","7-Austin","Not Confirmed","1,333"
"2019","Hays","7-Austin","Confirmed Victim","461"
"2019","Hill","7-Austin","Not Confirmed","374"
"2019","Hill","7-Austin","Confirmed Victim","116"
"2019","Lampasas","7-Austin","Not Confirmed","195"
"2019","Lampasas","7-Austin","Confirmed Victim","110"
"2019","Lee","7-Austin","Not Confirmed","121"
"2019","Lee","7-Austin","Confirmed Victim","37"
"2019","Leon","7-Austin","Not Confirmed","109"
"2019","Leon","7-Austin","Confirmed Victim","19"
"2019","Limestone","7-Austin","Not Confirmed","221"
"2019","Limestone","7-Austin","Confirmed Victim","44"
"2019","Llano","7-Austin","Not Confirmed","176"
"2019","Llano","7-Austin","Confirmed Victim","70"
"2019","Madison","7-Austin","Not Confirmed","92"
"2019","Madison","7-Austin","Confirmed Victim","14"
"2019","McLennan","7-Austin","Not Confirmed","2,481"
"2019","McLennan","7-Austin","Confirmed Victim","1,118"
"2019","Milam","7-Austin","Not Confirmed","210"
"2019","Milam","7-Austin","Confirmed Victim","95"
"2019","Mills","7-Austin","Not Confirmed","46"
"2019","Mills","7-Austin","Confirmed Victim","15"
"2019","Robertson","7-Austin","Not Confirmed","158"
"2019","Robertson","7-Austin","Confirmed Victim","42"
"2019","San Saba","7-Austin","Not Confirmed","31"
"2019","San Saba","7-Austin","Confirmed Victim","21"
"2019","Travis","7-Austin","Not Confirmed","6,818"
"2019","Travis","7-Austin","Confirmed Victim","2,310"
"2019","Washington","7-Austin","Not Confirmed","225"
"2019","Washington","7-Austin","Confirmed Victim","73"
"2019","Williamson","7-Austin","Not Confirmed","2,869"
"2019","Williamson","7-Austin","Confirmed Victim","693"
"2019","Atascosa","8-San Antonio","Not Confirmed","512"
"2019","Atascosa","8-San Antonio","Confirmed Victim","247"
"2019","Bandera","8-San Antonio","Not Confirmed","177"
"2019","Bandera","8-San Antonio","Confirmed Victim","60"
"2019","Bexar","8-San Antonio","Not Confirmed","16,265"
"2019","Bexar","8-San Antonio","Confirmed Victim","5,373"
"2019","Calhoun","8-San Antonio","Not Confirmed","137"
"2019","Calhoun","8-San Antonio","Confirmed Victim","90"
"2019","Comal","8-San Antonio","Not Confirmed","948"
"2019","Comal","8-San Antonio","Confirmed Victim","332"
"2019","DeWitt","8-San Antonio","Not Confirmed","169"
"2019","DeWitt","8-San Antonio","Confirmed Victim","20"
"2019","Dimmit","8-San Antonio","Not Confirmed","134"
"2019","Dimmit","8-San Antonio","Confirmed Victim","30"
"2019","Edwards","8-San Antonio","Not Confirmed","11"
"2019","Edwards","8-San Antonio","Confirmed Victim","7"
"2019","Frio","8-San Antonio","Not Confirmed","190"
"2019","Frio","8-San Antonio","Confirmed Victim","88"
"2019","Gillespie","8-San Antonio","Not Confirmed","122"
"2019","Gillespie","8-San Antonio","Confirmed Victim","40"
"2019","Goliad","8-San Antonio","Not Confirmed","66"
"2019","Goliad","8-San Antonio","Confirmed Victim","11"
"2019","Gonzales","8-San Antonio","Not Confirmed","218"
"2019","Gonzales","8-San Antonio","Confirmed Victim","48"
"2019","Guadalupe","8-San Antonio","Not Confirmed","1,323"
"2019","Guadalupe","8-San Antonio","Confirmed Victim","366"
"2019","Jackson","8-San Antonio","Not Confirmed","86"
"2019","Jackson","8-San Antonio","Confirmed Victim","28"
"2019","Karnes","8-San Antonio","Not Confirmed","121"
"2019","Karnes","8-San Antonio","Confirmed Victim","60"
"2019","Kendall","8-San Antonio","Not Confirmed","223"
"2019","Kendall","8-San Antonio","Confirmed Victim","51"
"2019","Kerr","8-San Antonio","Not Confirmed","340"
"2019","Kerr","8-San Antonio","Confirmed Victim","173"
"2019","Kinney","8-San Antonio","Not Confirmed","12"
"2019","Kinney","8-San Antonio","Confirmed Victim","13"
"2019","La Salle","8-San Antonio","Not Confirmed","104"
"2019","La Salle","8-San Antonio","Confirmed Victim","19"
"2019","Lavaca","8-San Antonio","Not Confirmed","95"
"2019","Lavaca","8-San Antonio","Confirmed Victim","29"
"2019","Maverick","8-San Antonio","Not Confirmed","263"
"2019","Maverick","8-San Antonio","Confirmed Victim","87"
"2019","Medina","8-San Antonio","Not Confirmed","388"
"2019","Medina","8-San Antonio","Confirmed Victim","190"
"2019","Real","8-San Antonio","Not Confirmed","41"
"2019","Real","8-San Antonio","Confirmed Victim","13"
"2019","Uvalde","8-San Antonio","Not Confirmed","277"
"2019","Uvalde","8-San Antonio","Confirmed Victim","89"
"2019","Val Verde","8-San Antonio","Not Confirmed","305"
"2019","Val Verde","8-San Antonio","Confirmed Victim","115"
"2019","Victoria","8-San Antonio","Not Confirmed","792"
"2019","Victoria","8-San Antonio","Confirmed Victim","271"
"2019","Wilson","8-San Antonio","Not Confirmed","302"
"2019","Wilson","8-San Antonio","Confirmed Victim","90"
"2019","Zavala","8-San Antonio","Not Confirmed","142"
"2019","Zavala","8-San Antonio","Confirmed Victim","63"
"2019","Andrews","9-Midland","Not Confirmed","138"
"2019","Andrews","9-Midland","Confirmed Victim","73"
"2019","Borden","9-Midland","Not Confirmed","7"
"2019","Coke","9-Midland","Not Confirmed","20"
"2019","Coke","9-Midland","Confirmed Victim","15"
"2019","Concho","9-Midland","Not Confirmed","34"
"2019","Concho","9-Midland","Confirmed Victim","9"
"2019","Crane","9-Midland","Not Confirmed","21"
"2019","Crane","9-Midland","Confirmed Victim","7"
"2019","Crockett","9-Midland","Not Confirmed","20"
"2019","Crockett","9-Midland","Confirmed Victim","17"
"2019","Dawson","9-Midland","Not Confirmed","138"
"2019","Dawson","9-Midland","Confirmed Victim","61"
"2019","Ector","9-Midland","Not Confirmed","1,512"
"2019","Ector","9-Midland","Confirmed Victim","453"
"2019","Gaines","9-Midland","Not Confirmed","113"
"2019","Gaines","9-Midland","Confirmed Victim","40"
"2019","Glasscock","9-Midland","Not Confirmed","1"
"2019","Howard","9-Midland","Not Confirmed","346"
"2019","Howard","9-Midland","Confirmed Victim","171"
"2019","Irion","9-Midland","Not Confirmed","5"
"2019","Irion","9-Midland","Confirmed Victim","4"
"2019","Kimble","9-Midland","Not Confirmed","39"
"2019","Kimble","9-Midland","Confirmed Victim","6"
"2019","Loving","9-Midland","Confirmed Victim","1"
"2019","Martin","9-Midland","Not Confirmed","58"
"2019","Martin","9-Midland","Confirmed Victim","18"
"2019","Mason","9-Midland","Not Confirmed","39"
"2019","Mason","9-Midland","Confirmed Victim","3"
"2019","McCulloch","9-Midland","Not Confirmed","105"
"2019","McCulloch","9-Midland","Confirmed Victim","30"
"2019","Menard","9-Midland","Not Confirmed","14"
"2019","Menard","9-Midland","Confirmed Victim","5"
"2019","Midland","9-Midland","Not Confirmed","1,074"
"2019","Midland","9-Midland","Confirmed Victim","237"
"2019","Pecos","9-Midland","Not Confirmed","117"
"2019","Pecos","9-Midland","Confirmed Victim","35"
"2019","Reagan","9-Midland","Not Confirmed","23"
"2019","Reagan","9-Midland","Confirmed Victim","10"
"2019","Reeves","9-Midland","Not Confirmed","76"
"2019","Reeves","9-Midland","Confirmed Victim","19"
"2019","Schleicher","9-Midland","Not Confirmed","16"
"2019","Schleicher","9-Midland","Confirmed Victim","4"
"2019","Sterling","9-Midland","Not Confirmed","11"
"2019","Sutton","9-Midland","Not Confirmed","15"
"2019","Sutton","9-Midland","Confirmed Victim","21"
"2019","Tom Green","9-Midland","Not Confirmed","1,137"
"2019","Tom Green","9-Midland","Confirmed Victim","408"
"2019","Upton","9-Midland","Not Confirmed","46"
"2019","Upton","9-Midland","Confirmed Victim","11"
"2019","Ward","9-Midland","Not Confirmed","123"
"2019","Ward","9-Midland","Confirmed Victim","67"
"2019","Winkler","9-Midland","Not Confirmed","62"
"2019","Winkler","9-Midland","Confirmed Victim","10"
"2019","Brewster","10-El Paso","Not Confirmed","45"
"2019","Brewster","10-El Paso","Confirmed Victim","14"
"2019","Culberson","10-El Paso","Not Confirmed","12"
"2019","Culberson","10-El Paso","Confirmed Victim","10"
"2019","El Paso","10-El Paso","Not Confirmed","5,713"
"2019","El Paso","10-El Paso","Confirmed Victim","1,907"
"2019","Hudspeth","10-El Paso","Not Confirmed","16"
"2019","Hudspeth","10-El Paso","Confirmed Victim","3"
"2019","Jeff Davis","10-El Paso","Not Confirmed","1"
"2019","Jeff Davis","10-El Paso","Confirmed Victim","7"
"2019","Presidio","10-El Paso","Not Confirmed","26"
"2019","Presidio","10-El Paso","Confirmed Victim","12"
"2019","Aransas","11-Edinburg","Not Confirmed","192"
"2019","Aransas","11-Edinburg","Confirmed Victim","137"
"2019","Bee","11-Edinburg","Not Confirmed","325"
"2019","Bee","11-Edinburg","Confirmed Victim","120"
"2019","Brooks","11-Edinburg","Not Confirmed","127"
"2019","Brooks","11-Edinburg","Confirmed Victim","46"
"2019","Cameron","11-Edinburg","Not Confirmed","3,555"
"2019","Cameron","11-Edinburg","Confirmed Victim","1,016"
"2019","Duval","11-Edinburg","Not Confirmed","171"
"2019","Duval","11-Edinburg","Confirmed Victim","73"
"2019","Hidalgo","11-Edinburg","Not Confirmed","7,132"
"2019","Hidalgo","11-Edinburg","Confirmed Victim","1,784"
"2019","Jim Hogg","11-Edinburg","Not Confirmed","84"
"2019","Jim Hogg","11-Edinburg","Confirmed Victim","16"
"2019","Jim Wells","11-Edinburg","Not Confirmed","488"
"2019","Jim Wells","11-Edinburg","Confirmed Victim","178"
"2019","Kleberg","11-Edinburg","Not Confirmed","330"
"2019","Kleberg","11-Edinburg","Confirmed Victim","75"
"2019","Live Oak","11-Edinburg","Not Confirmed","86"
"2019","Live Oak","11-Edinburg","Confirmed Victim","35"
"2019","McMullen","11-Edinburg","Not Confirmed","5"
"2019","Nueces","11-Edinburg","Not Confirmed","3,800"
"2019","Nueces","11-Edinburg","Confirmed Victim","1,212"
"2019","Refugio","11-Edinburg","Not Confirmed","69"
"2019","Refugio","11-Edinburg","Confirmed Victim","21"
"2019","San Patricio","11-Edinburg","Not Confirmed","739"
"2019","San Patricio","11-Edinburg","Confirmed Victim","286"
"2019","Starr","11-Edinburg","Not Confirmed","486"
"2019","Starr","11-Edinburg","Confirmed Victim","155"
"2019","Webb","11-Edinburg","Not Confirmed","2,129"
"2019","Webb","11-Edinburg","Confirmed Victim","602"
"2019","Willacy","11-Edinburg","Not Confirmed","210"
"2019","Willacy","11-Edinburg","Confirmed Victim","89"
"2019","Zapata","11-Edinburg","Not Confirmed","95"
"2019","Zapata","11-Edinburg","Confirmed Victim","43"
"2019","Out of State","Out of State","Not Confirmed","18"
"2019","Out of State","Out of State","Confirmed Victim","8"
"2018","Armstrong","1-Lubbock","Not Confirmed","14"
"2018","Armstrong","1-Lubbock","Confirmed Victim","7"
"2018","Bailey","1-Lubbock","Not Confirmed","80"
"2018","Bailey","1-Lubbock","Confirmed Victim","24"
"2018","Briscoe","1-Lubbock","Not Confirmed","10"
"2018","Briscoe","1-Lubbock","Confirmed Victim","2"
"2018","Carson","1-Lubbock","Not Confirmed","66"
"2018","Carson","1-Lubbock","Confirmed Victim","20"
"2018","Castro","1-Lubbock","Not Confirmed","42"
"2018","Castro","1-Lubbock","Confirmed Victim","8"
"2018","Childress","1-Lubbock","Not Confirmed","40"
"2018","Childress","1-Lubbock","Confirmed Victim","21"
"2018","Cochran","1-Lubbock","Not Confirmed","16"
"2018","Cochran","1-Lubbock","Confirmed Victim","9"
"2018","Collingsworth","1-Lubbock","Not Confirmed","50"
"2018","Collingsworth","1-Lubbock","Confirmed Victim","10"
"2018","Crosby","1-Lubbock","Not Confirmed","76"
"2018","Crosby","1-Lubbock","Confirmed Victim","21"
"2018","Dallam","1-Lubbock","Not Confirmed","74"
"2018","Dallam","1-Lubbock","Confirmed Victim","28"
"2018","Deaf Smith","1-Lubbock","Not Confirmed","167"
"2018","Deaf Smith","1-Lubbock","Confirmed Victim","45"
"2018","Dickens","1-Lubbock","Not Confirmed","12"
"2018","Dickens","1-Lubbock","Confirmed Victim","7"
"2018","Donley","1-Lubbock","Not Confirmed","32"
"2018","Donley","1-Lubbock","Confirmed Victim","10"
"2018","Floyd","1-Lubbock","Not Confirmed","67"
"2018","Floyd","1-Lubbock","Confirmed Victim","26"
"2018","Garza","1-Lubbock","Not Confirmed","46"
"2018","Garza","1-Lubbock","Confirmed Victim","13"
"2018","Gray","1-Lubbock","Not Confirmed","260"
"2018","Gray","1-Lubbock","Confirmed Victim","90"
"2018","Hale","1-Lubbock","Not Confirmed","301"
"2018","Hale","1-Lubbock","Confirmed Victim","140"
"2018","Hall","1-Lubbock","Not Confirmed","22"
"2018","Hall","1-Lubbock","Confirmed Victim","11"
"2018","Hansford","1-Lubbock","Not Confirmed","26"
"2018","Hansford","1-Lubbock","Confirmed Victim","2"
"2018","Hartley","1-Lubbock","Not Confirmed","16"
"2018","Hartley","1-Lubbock","Confirmed Victim","2"
"2018","Hemphill","1-Lubbock","Not Confirmed","17"
"2018","Hemphill","1-Lubbock","Confirmed Victim","3"
"2018","Hockley","1-Lubbock","Not Confirmed","227"
"2018","Hockley","1-Lubbock","Confirmed Victim","99"
"2018","Hutchinson","1-Lubbock","Not Confirmed","188"
"2018","Hutchinson","1-Lubbock","Confirmed Victim","91"
"2018","Lamb","1-Lubbock","Not Confirmed","128"
"2018","Lamb","1-Lubbock","Confirmed Victim","28"
"2018","Lipscomb","1-Lubbock","Not Confirmed","30"
"2018","Lipscomb","1-Lubbock","Confirmed Victim","5"
"2018","Lubbock","1-Lubbock","Not Confirmed","2,615"
"2018","Lubbock","1-Lubbock","Confirmed Victim","1,126"
"2018","Lynn","1-Lubbock","Not Confirmed","38"
"2018","Lynn","1-Lubbock","Confirmed Victim","5"
"2018","Moore","1-Lubbock","Not Confirmed","173"
"2018","Moore","1-Lubbock","Confirmed Victim","60"
"2018","Motley","1-Lubbock","Not Confirmed","12"
"2018","Motley","1-Lubbock","Confirmed Victim","3"
"2018","Ochiltree","1-Lubbock","Not Confirmed","57"
"2018","Ochiltree","1-Lubbock","Confirmed Victim","22"
"2018","Oldham","1-Lubbock","Not Confirmed","8"
"2018","Oldham","1-Lubbock","Confirmed Victim","8"
"2018","Parmer","1-Lubbock","Not Confirmed","63"
"2018","Parmer","1-Lubbock","Confirmed Victim","18"
"2018","Potter","1-Lubbock","Not Confirmed","1,584"
"2018","Potter","1-Lubbock","Confirmed Victim","714"
"2018","Randall","1-Lubbock","Not Confirmed","872"
"2018","Randall","1-Lubbock","Confirmed Victim","342"
"2018","Roberts","1-Lubbock","Not Confirmed","3"
"2018","Sherman","1-Lubbock","Not Confirmed","12"
"2018","Sherman","1-Lubbock","Confirmed Victim","2"
"2018","Swisher","1-Lubbock","Not Confirmed","83"
"2018","Swisher","1-Lubbock","Confirmed Victim","32"
"2018","Terry","1-Lubbock","Not Confirmed","154"
"2018","Terry","1-Lubbock","Confirmed Victim","33"
"2018","Wheeler","1-Lubbock","Not Confirmed","46"
"2018","Wheeler","1-Lubbock","Confirmed Victim","14"
"2018","Yoakum","1-Lubbock","Not Confirmed","58"
"2018","Yoakum","1-Lubbock","Confirmed Victim","6"
"2018","Archer","2-Abilene","Not Confirmed","84"
"2018","Archer","2-Abilene","Confirmed Victim","16"
"2018","Baylor","2-Abilene","Not Confirmed","44"
"2018","Baylor","2-Abilene","Confirmed Victim","12"
"2018","Brown","2-Abilene","Not Confirmed","480"
"2018","Brown","2-Abilene","Confirmed Victim","191"
"2018","Callahan","2-Abilene","Not Confirmed","185"
"2018","Callahan","2-Abilene","Confirmed Victim","70"
"2018","Clay","2-Abilene","Not Confirmed","122"
"2018","Clay","2-Abilene","Confirmed Victim","35"
"2018","Coleman","2-Abilene","Not Confirmed","75"
"2018","Coleman","2-Abilene","Confirmed Victim","56"
"2018","Comanche","2-Abilene","Not Confirmed","145"
"2018","Comanche","2-Abilene","Confirmed Victim","42"
"2018","Cottle","2-Abilene","Not Confirmed","5"
"2018","Cottle","2-Abilene","Confirmed Victim","3"
"2018","Eastland","2-Abilene","Not Confirmed","201"
"2018","Eastland","2-Abilene","Confirmed Victim","61"
"2018","Fisher","2-Abilene","Not Confirmed","36"
"2018","Fisher","2-Abilene","Confirmed Victim","18"
"2018","Foard","2-Abilene","Not Confirmed","9"
"2018","Foard","2-Abilene","Confirmed Victim","5"
"2018","Hardeman","2-Abilene","Not Confirmed","48"
"2018","Hardeman","2-Abilene","Confirmed Victim","9"
"2018","Haskell","2-Abilene","Not Confirmed","53"
"2018","Haskell","2-Abilene","Confirmed Victim","28"
"2018","Jack","2-Abilene","Not Confirmed","64"
"2018","Jack","2-Abilene","Confirmed Victim","46"
"2018","Jones","2-Abilene","Not Confirmed","198"
"2018","Jones","2-Abilene","Confirmed Victim","122"
"2018","Kent","2-Abilene","Not Confirmed","8"
"2018","Kent","2-Abilene","Confirmed Victim","3"
"2018","Knox","2-Abilene","Not Confirmed","40"
"2018","Knox","2-Abilene","Confirmed Victim","10"
"2018","Mitchell","2-Abilene","Not Confirmed","113"
"2018","Mitchell","2-Abilene","Confirmed Victim","59"
"2018","Montague","2-Abilene","Not Confirmed","208"
"2018","Montague","2-Abilene","Confirmed Victim","139"
"2018","Nolan","2-Abilene","Not Confirmed","300"
"2018","Nolan","2-Abilene","Confirmed Victim","125"
"2018","Runnels","2-Abilene","Not Confirmed","120"
"2018","Runnels","2-Abilene","Confirmed Victim","41"
"2018","Scurry","2-Abilene","Not Confirmed","265"
"2018","Scurry","2-Abilene","Confirmed Victim","88"
"2018","Shackelford","2-Abilene","Not Confirmed","35"
"2018","Shackelford","2-Abilene","Confirmed Victim","15"
"2018","Stephens","2-Abilene","Not Confirmed","136"
"2018","Stephens","2-Abilene","Confirmed Victim","25"
"2018","Stonewall","2-Abilene","Not Confirmed","19"
"2018","Stonewall","2-Abilene","Confirmed Victim","5"
"2018","Taylor","2-Abilene","Not Confirmed","1,970"
"2018","Taylor","2-Abilene","Confirmed Victim","912"
"2018","Throckmorton","2-Abilene","Not Confirmed","5"
"2018","Throckmorton","2-Abilene","Confirmed Victim","3"
"2018","Wichita","2-Abilene","Not Confirmed","1,898"
"2018","Wichita","2-Abilene","Confirmed Victim","504"
"2018","Wilbarger","2-Abilene","Not Confirmed","160"
"2018","Wilbarger","2-Abilene","Confirmed Victim","43"
"2018","Young","2-Abilene","Not Confirmed","228"
"2018","Young","2-Abilene","Confirmed Victim","61"
"2018","Collin","3-Arlington","Not Confirmed","3,642"
"2018","Collin","3-Arlington","Confirmed Victim","1,340"
"2018","Cooke","3-Arlington","Not Confirmed","403"
"2018","Cooke","3-Arlington","Confirmed Victim","312"
"2018","Dallas","3-Arlington","Not Confirmed","17,235"
"2018","Dallas","3-Arlington","Confirmed Victim","7,174"
"2018","Denton","3-Arlington","Not Confirmed","4,113"
"2018","Denton","3-Arlington","Confirmed Victim","1,337"
"2018","Ellis","3-Arlington","Not Confirmed","1,203"
"2018","Ellis","3-Arlington","Confirmed Victim","320"
"2018","Erath","3-Arlington","Not Confirmed","273"
"2018","Erath","3-Arlington","Confirmed Victim","150"
"2018","Fannin","3-Arlington","Not Confirmed","311"
"2018","Fannin","3-Arlington","Confirmed Victim","124"
"2018","Grayson","3-Arlington","Not Confirmed","1,262"
"2018","Grayson","3-Arlington","Confirmed Victim","509"
"2018","Hood","3-Arlington","Not Confirmed","600"
"2018","Hood","3-Arlington","Confirmed Victim","297"
"2018","Hunt","3-Arlington","Not Confirmed","853"
"2018","Hunt","3-Arlington","Confirmed Victim","317"
"2018","Johnson","3-Arlington","Not Confirmed","1,673"
"2018","Johnson","3-Arlington","Confirmed Victim","561"
"2018","Kaufman","3-Arlington","Not Confirmed","941"
"2018","Kaufman","3-Arlington","Confirmed Victim","322"
"2018","Navarro","3-Arlington","Not Confirmed","437"
"2018","Navarro","3-Arlington","Confirmed Victim","112"
"2018","Palo Pinto","3-Arlington","Not Confirmed","349"
"2018","Palo Pinto","3-Arlington","Confirmed Victim","206"
"2018","Parker","3-Arlington","Not Confirmed","957"
"2018","Parker","3-Arlington","Confirmed Victim","459"
"2018","Rockwall","3-Arlington","Not Confirmed","454"
"2018","Rockwall","3-Arlington","Confirmed Victim","154"
"2018","Somervell","3-Arlington","Not Confirmed","62"
"2018","Somervell","3-Arlington","Confirmed Victim","47"
"2018","Tarrant","3-Arlington","Not Confirmed","15,879"
"2018","Tarrant","3-Arlington","Confirmed Victim","5,842"
"2018","Wise","3-Arlington","Not Confirmed","546"
"2018","Wise","3-Arlington","Confirmed Victim","191"
"2018","Anderson","4-Tyler","Not Confirmed","374"
"2018","Anderson","4-Tyler","Confirmed Victim","194"
"2018","Bowie","4-Tyler","Not Confirmed","823"
"2018","Bowie","4-Tyler","Confirmed Victim","235"
"2018","Camp","4-Tyler","Not Confirmed","137"
"2018","Camp","4-Tyler","Confirmed Victim","68"
"2018","Cass","4-Tyler","Not Confirmed","275"
"2018","Cass","4-Tyler","Confirmed Victim","69"
"2018","Cherokee","4-Tyler","Not Confirmed","531"
"2018","Cherokee","4-Tyler","Confirmed Victim","202"
"2018","Delta","4-Tyler","Not Confirmed","35"
"2018","Delta","4-Tyler","Confirmed Victim","14"
"2018","Franklin","4-Tyler","Not Confirmed","66"
"2018","Franklin","4-Tyler","Confirmed Victim","31"
"2018","Gregg","4-Tyler","Not Confirmed","1,063"
"2018","Gregg","4-Tyler","Confirmed Victim","553"
"2018","Harrison","4-Tyler","Not Confirmed","489"
"2018","Harrison","4-Tyler","Confirmed Victim","174"
"2018","Henderson","4-Tyler","Not Confirmed","856"
"2018","Henderson","4-Tyler","Confirmed Victim","351"
"2018","Hopkins","4-Tyler","Not Confirmed","318"
"2018","Hopkins","4-Tyler","Confirmed Victim","63"
"2018","Lamar","4-Tyler","Not Confirmed","470"
"2018","Lamar","4-Tyler","Confirmed Victim","172"
"2018","Marion","4-Tyler","Not Confirmed","109"
"2018","Marion","4-Tyler","Confirmed Victim","33"
"2018","Morris","4-Tyler","Not Confirmed","83"
"2018","Morris","4-Tyler","Confirmed Victim","66"
"2018","Panola","4-Tyler","Not Confirmed","186"
"2018","Panola","4-Tyler","Confirmed Victim","72"
"2018","Rains","4-Tyler","Not Confirmed","122"
"2018","Rains","4-Tyler","Confirmed Victim","25"
"2018","Red River","4-Tyler","Not Confirmed","108"
"2018","Red River","4-Tyler","Confirmed Victim","30"
"2018","Rusk","4-Tyler","Not Confirmed","425"
"2018","Rusk","4-Tyler","Confirmed Victim","162"
"2018","Smith","4-Tyler","Not Confirmed","1,504"
"2018","Smith","4-Tyler","Confirmed Victim","519"
"2018","Titus","4-Tyler","Not Confirmed","226"
"2018","Titus","4-Tyler","Confirmed Victim","74"
"2018","Upshur","4-Tyler","Not Confirmed","336"
"2018","Upshur","4-Tyler","Confirmed Victim","148"
"2018","Van Zandt","4-Tyler","Not Confirmed","464"
"2018","Van Zandt","4-Tyler","Confirmed Victim","170"
"2018","Wood","4-Tyler","Not Confirmed","343"
"2018","Wood","4-Tyler","Confirmed Victim","122"
"2018","Angelina","5-Beaumont","Not Confirmed","839"
"2018","Angelina","5-Beaumont","Confirmed Victim","224"
"2018","Hardin","5-Beaumont","Not Confirmed","359"
"2018","Hardin","5-Beaumont","Confirmed Victim","147"
"2018","Houston","5-Beaumont","Not Confirmed","173"
"2018","Houston","5-Beaumont","Confirmed Victim","69"
"2018","Jasper","5-Beaumont","Not Confirmed","269"
"2018","Jasper","5-Beaumont","Confirmed Victim","114"
"2018","Jefferson","5-Beaumont","Not Confirmed","1,984"
"2018","Jefferson","5-Beaumont","Confirmed Victim","601"
"2018","Nacogdoches","5-Beaumont","Not Confirmed","440"
"2018","Nacogdoches","5-Beaumont","Confirmed Victim","151"
"2018","Newton","5-Beaumont","Not Confirmed","47"
"2018","Newton","5-Beaumont","Confirmed Victim","19"
"2018","Orange","5-Beaumont","Not Confirmed","692"
"2018","Orange","5-Beaumont","Confirmed Victim","280"
"2018","Polk","5-Beaumont","Not Confirmed","487"
"2018","Polk","5-Beaumont","Confirmed Victim","121"
"2018","Sabine","5-Beaumont","Not Confirmed","74"
"2018","Sabine","5-Beaumont","Confirmed Victim","21"
"2018","San Augustine","5-Beaumont","Not Confirmed","55"
"2018","San Augustine","5-Beaumont","Confirmed Victim","19"
"2018","San Jacinto","5-Beaumont","Not Confirmed","288"
"2018","San Jacinto","5-Beaumont","Confirmed Victim","61"
"2018","Shelby","5-Beaumont","Not Confirmed","304"
"2018","Shelby","5-Beaumont","Confirmed Victim","71"
"2018","Trinity","5-Beaumont","Not Confirmed","140"
"2018","Trinity","5-Beaumont","Confirmed Victim","48"
"2018","Tyler","5-Beaumont","Not Confirmed","191"
"2018","Tyler","5-Beaumont","Confirmed Victim","86"
"2018","Austin","6-Houston","Not Confirmed","197"
"2018","Austin","6-Houston","Confirmed Victim","29"
"2018","Brazoria","6-Houston","Not Confirmed","2,148"
"2018","Brazoria","6-Houston","Confirmed Victim","608"
"2018","Chambers","6-Houston","Not Confirmed","234"
"2018","Chambers","6-Houston","Confirmed Victim","77"
"2018","Colorado","6-Houston","Not Confirmed","160"
"2018","Colorado","6-Houston","Confirmed Victim","33"
"2018","Fort Bend","6-Houston","Not Confirmed","3,456"
"2018","Fort Bend","6-Houston","Confirmed Victim","631"
"2018","Galveston","6-Houston","Not Confirmed","2,612"
"2018","Galveston","6-Houston","Confirmed Victim","712"
"2018","Harris","6-Houston","Not Confirmed","32,327"
"2018","Harris","6-Houston","Confirmed Victim","6,961"
"2018","Liberty","6-Houston","Not Confirmed","858"
"2018","Liberty","6-Houston","Confirmed Victim","247"
"2018","Matagorda","6-Houston","Not Confirmed","440"
"2018","Matagorda","6-Houston","Confirmed Victim","92"
"2018","Montgomery","6-Houston","Not Confirmed","4,171"
"2018","Montgomery","6-Houston","Confirmed Victim","1,057"
"2018","Walker","6-Houston","Not Confirmed","380"
"2018","Walker","6-Houston","Confirmed Victim","90"
"2018","Waller","6-Houston","Not Confirmed","405"
"2018","Waller","6-Houston","Confirmed Victim","90"
"2018","Wharton","6-Houston","Not Confirmed","383"
"2018","Wharton","6-Houston","Confirmed Victim","112"
"2018","Bastrop","7-Austin","Not Confirmed","882"
"2018","Bastrop","7-Austin","Confirmed Victim","309"
"2018","Bell","7-Austin","Not Confirmed","3,636"
"2018","Bell","7-Austin","Confirmed Victim","1,352"
"2018","Blanco","7-Austin","Not Confirmed","49"
"2018","Blanco","7-Austin","Confirmed Victim","26"
"2018","Bosque","7-Austin","Not Confirmed","160"
"2018","Bosque","7-Austin","Confirmed Victim","59"
"2018","Brazos","7-Austin","Not Confirmed","1,279"
"2018","Brazos","7-Austin","Confirmed Victim","245"
"2018","Burleson","7-Austin","Not Confirmed","177"
"2018","Burleson","7-Austin","Confirmed Victim","53"
"2018","Burnet","7-Austin","Not Confirmed","398"
"2018","Burnet","7-Austin","Confirmed Victim","179"
"2018","Caldwell","7-Austin","Not Confirmed","476"
"2018","Caldwell","7-Austin","Confirmed Victim","153"
"2018","Coryell","7-Austin","Not Confirmed","887"
"2018","Coryell","7-Austin","Confirmed Victim","390"
"2018","Falls","7-Austin","Not Confirmed","147"
"2018","Falls","7-Austin","Confirmed Victim","64"
"2018","Fayette","7-Austin","Not Confirmed","152"
"2018","Fayette","7-Austin","Confirmed Victim","36"
"2018","Freestone","7-Austin","Not Confirmed","123"
"2018","Freestone","7-Austin","Confirmed Victim","39"
"2018","Grimes","7-Austin","Not Confirmed","231"
"2018","Grimes","7-Austin","Confirmed Victim","64"
"2018","Hamilton","7-Austin","Not Confirmed","73"
"2018","Hamilton","7-Austin","Confirmed Victim","23"
"2018","Hays","7-Austin","Not Confirmed","1,366"
"2018","Hays","7-Austin","Confirmed Victim","455"
"2018","Hill","7-Austin","Not Confirmed","431"
"2018","Hill","7-Austin","Confirmed Victim","140"
"2018","Lampasas","7-Austin","Not Confirmed","186"
"2018","Lampasas","7-Austin","Confirmed Victim","77"
"2018","Lee","7-Austin","Not Confirmed","165"
"2018","Lee","7-Austin","Confirmed Victim","23"
"2018","Leon","7-Austin","Not Confirmed","130"
"2018","Leon","7-Austin","Confirmed Victim","23"
"2018","Limestone","7-Austin","Not Confirmed","188"
"2018","Limestone","7-Austin","Confirmed Victim","33"
"2018","Llano","7-Austin","Not Confirmed","179"
"2018","Llano","7-Austin","Confirmed Victim","76"
"2018","Madison","7-Austin","Not Confirmed","70"
"2018","Madison","7-Austin","Confirmed Victim","20"
"2018","McLennan","7-Austin","Not Confirmed","3,000"
"2018","McLennan","7-Austin","Confirmed Victim","878"
"2018","Milam","7-Austin","Not Confirmed","241"
"2018","Milam","7-Austin","Confirmed Victim","72"
"2018","Mills","7-Austin","Not Confirmed","30"
"2018","Mills","7-Austin","Confirmed Victim","12"
"2018","Robertson","7-Austin","Not Confirmed","191"
"2018","Robertson","7-Austin","Confirmed Victim","45"
"2018","San Saba","7-Austin","Not Confirmed","60"
"2018","San Saba","7-Austin","Confirmed Victim","20"
"2018","Travis","7-Austin","Not Confirmed","7,305"
"2018","Travis","7-Austin","Confirmed Victim","2,128"
"2018","Washington","7-Austin","Not Confirmed","176"
"2018","Washington","7-Austin","Confirmed Victim","66"
"2018","Williamson","7-Austin","Not Confirmed","2,751"
"2018","Williamson","7-Austin","Confirmed Victim","684"
"2018","Atascosa","8-San Antonio","Not Confirmed","627"
"2018","Atascosa","8-San Antonio","Confirmed Victim","186"
"2018","Bandera","8-San Antonio","Not Confirmed","211"
"2018","Bandera","8-San Antonio","Confirmed Victim","56"
"2018","Bexar","8-San Antonio","Not Confirmed","18,353"
"2018","Bexar","8-San Antonio","Confirmed Victim","5,865"
"2018","Calhoun","8-San Antonio","Not Confirmed","231"
"2018","Calhoun","8-San Antonio","Confirmed Victim","75"
"2018","Comal","8-San Antonio","Not Confirmed","1,174"
"2018","Comal","8-San Antonio","Confirmed Victim","378"
"2018","DeWitt","8-San Antonio","Not Confirmed","209"
"2018","DeWitt","8-San Antonio","Confirmed Victim","51"
"2018","Dimmit","8-San Antonio","Not Confirmed","149"
"2018","Dimmit","8-San Antonio","Confirmed Victim","61"
"2018","Edwards","8-San Antonio","Not Confirmed","35"
"2018","Edwards","8-San Antonio","Confirmed Victim","3"
"2018","Frio","8-San Antonio","Not Confirmed","220"
"2018","Frio","8-San Antonio","Confirmed Victim","97"
"2018","Gillespie","8-San Antonio","Not Confirmed","154"
"2018","Gillespie","8-San Antonio","Confirmed Victim","58"
"2018","Goliad","8-San Antonio","Not Confirmed","69"
"2018","Goliad","8-San Antonio","Confirmed Victim","15"
"2018","Gonzales","8-San Antonio","Not Confirmed","222"
"2018","Gonzales","8-San Antonio","Confirmed Victim","32"
"2018","Guadalupe","8-San Antonio","Not Confirmed","1,476"
"2018","Guadalupe","8-San Antonio","Confirmed Victim","237"
"2018","Jackson","8-San Antonio","Not Confirmed","98"
"2018","Jackson","8-San Antonio","Confirmed Victim","32"
"2018","Karnes","8-San Antonio","Not Confirmed","202"
"2018","Karnes","8-San Antonio","Confirmed Victim","60"
"2018","Kendall","8-San Antonio","Not Confirmed","201"
"2018","Kendall","8-San Antonio","Confirmed Victim","48"
"2018","Kerr","8-San Antonio","Not Confirmed","560"
"2018","Kerr","8-San Antonio","Confirmed Victim","199"
"2018","Kinney","8-San Antonio","Not Confirmed","19"
"2018","Kinney","8-San Antonio","Confirmed Victim","9"
"2018","La Salle","8-San Antonio","Not Confirmed","84"
"2018","La Salle","8-San Antonio","Confirmed Victim","34"
"2018","Lavaca","8-San Antonio","Not Confirmed","157"
"2018","Lavaca","8-San Antonio","Confirmed Victim","32"
"2018","Maverick","8-San Antonio","Not Confirmed","290"
"2018","Maverick","8-San Antonio","Confirmed Victim","49"
"2018","Medina","8-San Antonio","Not Confirmed","495"
"2018","Medina","8-San Antonio","Confirmed Victim","155"
"2018","Real","8-San Antonio","Not Confirmed","34"
"2018","Real","8-San Antonio","Confirmed Victim","10"
"2018","Uvalde","8-San Antonio","Not Confirmed","324"
"2018","Uvalde","8-San Antonio","Confirmed Victim","91"
"2018","Val Verde","8-San Antonio","Not Confirmed","437"
"2018","Val Verde","8-San Antonio","Confirmed Victim","118"
"2018","Victoria","8-San Antonio","Not Confirmed","1,028"
"2018","Victoria","8-San Antonio","Confirmed Victim","264"
"2018","Wilson","8-San Antonio","Not Confirmed","364"
"2018","Wilson","8-San Antonio","Confirmed Victim","68"
"2018","Zavala","8-San Antonio","Not Confirmed","201"
"2018","Zavala","8-San Antonio","Confirmed Victim","42"
"2018","Andrews","9-Midland","Not Confirmed","137"
"2018","Andrews","9-Midland","Confirmed Victim","56"
"2018","Borden","9-Midland","Not Confirmed","2"
"2018","Borden","9-Midland","Confirmed Victim","4"
"2018","Coke","9-Midland","Not Confirmed","46"
"2018","Coke","9-Midland","Confirmed Victim","11"
"2018","Concho","9-Midland","Not Confirmed","23"
"2018","Concho","9-Midland","Confirmed Victim","4"
"2018","Crane","9-Midland","Not Confirmed","19"
"2018","Crane","9-Midland","Confirmed Victim","3"
"2018","Crockett","9-Midland","Not Confirmed","13"
"2018","Crockett","9-Midland","Confirmed Victim","12"
"2018","Dawson","9-Midland","Not Confirmed","166"
"2018","Dawson","9-Midland","Confirmed Victim","39"
"2018","Ector","9-Midland","Not Confirmed","1,513"
"2018","Ector","9-Midland","Confirmed Victim","310"
"2018","Gaines","9-Midland","Not Confirmed","110"
"2018","Gaines","9-Midland","Confirmed Victim","56"
"2018","Glasscock","9-Midland","Not Confirmed","3"
"2018","Glasscock","9-Midland","Confirmed Victim","1"
"2018","Howard","9-Midland","Not Confirmed","328"
"2018","Howard","9-Midland","Confirmed Victim","118"
"2018","Irion","9-Midland","Not Confirmed","3"
"2018","Kimble","9-Midland","Not Confirmed","54"
"2018","Kimble","9-Midland","Confirmed Victim","21"
"2018","Loving","9-Midland","Not Confirmed","4"
"2018","Martin","9-Midland","Not Confirmed","45"
"2018","Martin","9-Midland","Confirmed Victim","7"
"2018","Mason","9-Midland","Not Confirmed","42"
"2018","Mason","9-Midland","Confirmed Victim","9"
"2018","McCulloch","9-Midland","Not Confirmed","121"
"2018","McCulloch","9-Midland","Confirmed Victim","31"
"2018","Menard","9-Midland","Not Confirmed","24"
"2018","Menard","9-Midland","Confirmed Victim","6"
"2018","Midland","9-Midland","Not Confirmed","1,322"
"2018","Midland","9-Midland","Confirmed Victim","211"
"2018","Pecos","9-Midland","Not Confirmed","109"
"2018","Pecos","9-Midland","Confirmed Victim","22"
"2018","Reagan","9-Midland","Not Confirmed","21"
"2018","Reagan","9-Midland","Confirmed Victim","8"
"2018","Reeves","9-Midland","Not Confirmed","68"
"2018","Reeves","9-Midland","Confirmed Victim","12"
"2018","Schleicher","9-Midland","Not Confirmed","17"
"2018","Schleicher","9-Midland","Confirmed Victim","2"
"2018","Sterling","9-Midland","Not Confirmed","11"
"2018","Sterling","9-Midland","Confirmed Victim","2"
"2018","Sutton","9-Midland","Not Confirmed","25"
"2018","Sutton","9-Midland","Confirmed Victim","14"
"2018","Terrell","9-Midland","Not Confirmed","9"
"2018","Terrell","9-Midland","Confirmed Victim","1"
"2018","Tom Green","9-Midland","Not Confirmed","1,223"
"2018","Tom Green","9-Midland","Confirmed Victim","273"
"2018","Upton","9-Midland","Not Confirmed","28"
"2018","Upton","9-Midland","Confirmed Victim","8"
"2018","Ward","9-Midland","Not Confirmed","124"
"2018","Ward","9-Midland","Confirmed Victim","34"
"2018","Winkler","9-Midland","Not Confirmed","59"
"2018","Winkler","9-Midland","Confirmed Victim","18"
"2018","Brewster","10-El Paso","Not Confirmed","56"
"2018","Brewster","10-El Paso","Confirmed Victim","19"
"2018","Culberson","10-El Paso","Not Confirmed","21"
"2018","Culberson","10-El Paso","Confirmed Victim","6"
"2018","El Paso","10-El Paso","Not Confirmed","5,623"
"2018","El Paso","10-El Paso","Confirmed Victim","1,639"
"2018","Hudspeth","10-El Paso","Not Confirmed","25"
"2018","Hudspeth","10-El Paso","Confirmed Victim","10"
"2018","Jeff Davis","10-El Paso","Not Confirmed","7"
"2018","Presidio","10-El Paso","Not Confirmed","28"
"2018","Presidio","10-El Paso","Confirmed Victim","2"
"2018","Aransas","11-Edinburg","Not Confirmed","165"
"2018","Aransas","11-Edinburg","Confirmed Victim","83"
"2018","Bee","11-Edinburg","Not Confirmed","300"
"2018","Bee","11-Edinburg","Confirmed Victim","119"
"2018","Brooks","11-Edinburg","Not Confirmed","164"
"2018","Brooks","11-Edinburg","Confirmed Victim","31"
"2018","Cameron","11-Edinburg","Not Confirmed","4,024"
"2018","Cameron","11-Edinburg","Confirmed Victim","1,051"
"2018","Duval","11-Edinburg","Not Confirmed","145"
"2018","Duval","11-Edinburg","Confirmed Victim","47"
"2018","Hidalgo","11-Edinburg","Not Confirmed","7,697"
"2018","Hidalgo","11-Edinburg","Confirmed Victim","1,603"
"2018","Jim Hogg","11-Edinburg","Not Confirmed","63"
"2018","Jim Hogg","11-Edinburg","Confirmed Victim","11"
"2018","Jim Wells","11-Edinburg","Not Confirmed","593"
"2018","Jim Wells","11-Edinburg","Confirmed Victim","141"
"2018","Kenedy","11-Edinburg","Not Confirmed","5"
"2018","Kleberg","11-Edinburg","Not Confirmed","333"
"2018","Kleberg","11-Edinburg","Confirmed Victim","107"
"2018","Live Oak","11-Edinburg","Not Confirmed","81"
"2018","Live Oak","11-Edinburg","Confirmed Victim","28"
"2018","McMullen","11-Edinburg","Not Confirmed","11"
"2018","Nueces","11-Edinburg","Not Confirmed","3,360"
"2018","Nueces","11-Edinburg","Confirmed Victim","1,271"
"2018","Refugio","11-Edinburg","Not Confirmed","53"
"2018","Refugio","11-Edinburg","Confirmed Victim","15"
"2018","San Patricio","11-Edinburg","Not Confirmed","750"
"2018","San Patricio","11-Edinburg","Confirmed Victim","230"
"2018","Starr","11-Edinburg","Not Confirmed","441"
"2018","Starr","11-Edinburg","Confirmed Victim","127"
"2018","Webb","11-Edinburg","Not Confirmed","2,056"
"2018","Webb","11-Edinburg","Confirmed Victim","398"
"2018","Willacy","11-Edinburg","Not Confirmed","216"
"2018","Willacy","11-Edinburg","Confirmed Victim","73"
"2018","Zapata","11-Edinburg","Not Confirmed","167"
"2018","Zapata","11-Edinburg","Confirmed Victim","51"
"2018","Out of State","Out of State","Not Confirmed","25"
"2018","Out of State","Out of State","Confirmed Victim","12"
"2017","Armstrong","1-Lubbock","Not Confirmed","17"
"2017","Bailey","1-Lubbock","Not Confirmed","68"
"2017","Bailey","1-Lubbock","Confirmed Victim","12"
"2017","Briscoe","1-Lubbock","Not Confirmed","1"
"2017","Briscoe","1-Lubbock","Confirmed Victim","2"
"2017","Carson","1-Lubbock","Not Confirmed","66"
"2017","Carson","1-Lubbock","Confirmed Victim","23"
"2017","Castro","1-Lubbock","Not Confirmed","39"
"2017","Castro","1-Lubbock","Confirmed Victim","12"
"2017","Childress","1-Lubbock","Not Confirmed","82"
"2017","Childress","1-Lubbock","Confirmed Victim","25"
"2017","Cochran","1-Lubbock","Not Confirmed","28"
"2017","Cochran","1-Lubbock","Confirmed Victim","10"
"2017","Collingsworth","1-Lubbock","Not Confirmed","31"
"2017","Collingsworth","1-Lubbock","Confirmed Victim","6"
"2017","Crosby","1-Lubbock","Not Confirmed","122"
"2017","Crosby","1-Lubbock","Confirmed Victim","22"
"2017","Dallam","1-Lubbock","Not Confirmed","103"
"2017","Dallam","1-Lubbock","Confirmed Victim","16"
"2017","Deaf Smith","1-Lubbock","Not Confirmed","181"
"2017","Deaf Smith","1-Lubbock","Confirmed Victim","50"
"2017","Dickens","1-Lubbock","Not Confirmed","25"
"2017","Dickens","1-Lubbock","Confirmed Victim","3"
"2017","Donley","1-Lubbock","Not Confirmed","31"
"2017","Donley","1-Lubbock","Confirmed Victim","8"
"2017","Floyd","1-Lubbock","Not Confirmed","80"
"2017","Floyd","1-Lubbock","Confirmed Victim","21"
"2017","Garza","1-Lubbock","Not Confirmed","40"
"2017","Garza","1-Lubbock","Confirmed Victim","10"
"2017","Gray","1-Lubbock","Not Confirmed","260"
"2017","Gray","1-Lubbock","Confirmed Victim","113"
"2017","Hale","1-Lubbock","Not Confirmed","380"
"2017","Hale","1-Lubbock","Confirmed Victim","104"
"2017","Hall","1-Lubbock","Not Confirmed","29"
"2017","Hall","1-Lubbock","Confirmed Victim","13"
"2017","Hansford","1-Lubbock","Not Confirmed","26"
"2017","Hartley","1-Lubbock","Not Confirmed","15"
"2017","Hartley","1-Lubbock","Confirmed Victim","3"
"2017","Hemphill","1-Lubbock","Not Confirmed","7"
"2017","Hemphill","1-Lubbock","Confirmed Victim","5"
"2017","Hockley","1-Lubbock","Not Confirmed","234"
"2017","Hockley","1-Lubbock","Confirmed Victim","86"
"2017","Hutchinson","1-Lubbock","Not Confirmed","254"
"2017","Hutchinson","1-Lubbock","Confirmed Victim","79"
"2017","Lamb","1-Lubbock","Not Confirmed","137"
"2017","Lamb","1-Lubbock","Confirmed Victim","56"
"2017","Lipscomb","1-Lubbock","Not Confirmed","21"
"2017","Lipscomb","1-Lubbock","Confirmed Victim","2"
"2017","Lubbock","1-Lubbock","Not Confirmed","3,000"
"2017","Lubbock","1-Lubbock","Confirmed Victim","1,032"
"2017","Lynn","1-Lubbock","Not Confirmed","52"
"2017","Lynn","1-Lubbock","Confirmed Victim","19"
"2017","Moore","1-Lubbock","Not Confirmed","166"
"2017","Moore","1-Lubbock","Confirmed Victim","65"
"2017","Motley","1-Lubbock","Not Confirmed","6"
"2017","Motley","1-Lubbock","Confirmed Victim","1"
"2017","Ochiltree","1-Lubbock","Not Confirmed","66"
"2017","Ochiltree","1-Lubbock","Confirmed Victim","29"
"2017","Oldham","1-Lubbock","Not Confirmed","10"
"2017","Parmer","1-Lubbock","Not Confirmed","62"
"2017","Parmer","1-Lubbock","Confirmed Victim","3"
"2017","Potter","1-Lubbock","Not Confirmed","1,482"
"2017","Potter","1-Lubbock","Confirmed Victim","697"
"2017","Randall","1-Lubbock","Not Confirmed","810"
"2017","Randall","1-Lubbock","Confirmed Victim","316"
"2017","Roberts","1-Lubbock","Confirmed Victim","3"
"2017","Sherman","1-Lubbock","Not Confirmed","8"
"2017","Sherman","1-Lubbock","Confirmed Victim","2"
"2017","Swisher","1-Lubbock","Not Confirmed","92"
"2017","Swisher","1-Lubbock","Confirmed Victim","42"
"2017","Terry","1-Lubbock","Not Confirmed","136"
"2017","Terry","1-Lubbock","Confirmed Victim","37"
"2017","Wheeler","1-Lubbock","Not Confirmed","41"
"2017","Wheeler","1-Lubbock","Confirmed Victim","13"
"2017","Yoakum","1-Lubbock","Not Confirmed","57"
"2017","Yoakum","1-Lubbock","Confirmed Victim","11"
"2017","Archer","2-Abilene","Not Confirmed","83"
"2017","Archer","2-Abilene","Confirmed Victim","20"
"2017","Baylor","2-Abilene","Not Confirmed","59"
"2017","Baylor","2-Abilene","Confirmed Victim","12"
"2017","Brown","2-Abilene","Not Confirmed","387"
"2017","Brown","2-Abilene","Confirmed Victim","204"
"2017","Callahan","2-Abilene","Not Confirmed","179"
"2017","Callahan","2-Abilene","Confirmed Victim","44"
"2017","Clay","2-Abilene","Not Confirmed","105"
"2017","Clay","2-Abilene","Confirmed Victim","21"
"2017","Coleman","2-Abilene","Not Confirmed","115"
"2017","Coleman","2-Abilene","Confirmed Victim","33"
"2017","Comanche","2-Abilene","Not Confirmed","180"
"2017","Comanche","2-Abilene","Confirmed Victim","35"
"2017","Cottle","2-Abilene","Not Confirmed","10"
"2017","Cottle","2-Abilene","Confirmed Victim","1"
"2017","Eastland","2-Abilene","Not Confirmed","246"
"2017","Eastland","2-Abilene","Confirmed Victim","63"
"2017","Fisher","2-Abilene","Not Confirmed","54"
"2017","Fisher","2-Abilene","Confirmed Victim","25"
"2017","Foard","2-Abilene","Not Confirmed","10"
"2017","Foard","2-Abilene","Confirmed Victim","2"
"2017","Hardeman","2-Abilene","Not Confirmed","42"
"2017","Hardeman","2-Abilene","Confirmed Victim","18"
"2017","Haskell","2-Abilene","Not Confirmed","68"
"2017","Haskell","2-Abilene","Confirmed Victim","8"
"2017","Jack","2-Abilene","Not Confirmed","89"
"2017","Jack","2-Abilene","Confirmed Victim","46"
"2017","Jones","2-Abilene","Not Confirmed","223"
"2017","Jones","2-Abilene","Confirmed Victim","67"
"2017","Kent","2-Abilene","Not Confirmed","3"
"2017","Knox","2-Abilene","Not Confirmed","36"
"2017","Knox","2-Abilene","Confirmed Victim","7"
"2017","Mitchell","2-Abilene","Not Confirmed","139"
"2017","Mitchell","2-Abilene","Confirmed Victim","30"
"2017","Montague","2-Abilene","Not Confirmed","236"
"2017","Montague","2-Abilene","Confirmed Victim","105"
"2017","Nolan","2-Abilene","Not Confirmed","279"
"2017","Nolan","2-Abilene","Confirmed Victim","136"
"2017","Runnels","2-Abilene","Not Confirmed","103"
"2017","Runnels","2-Abilene","Confirmed Victim","29"
"2017","Scurry","2-Abilene","Not Confirmed","203"
"2017","Scurry","2-Abilene","Confirmed Victim","57"
"2017","Shackelford","2-Abilene","Not Confirmed","44"
"2017","Shackelford","2-Abilene","Confirmed Victim","14"
"2017","Stephens","2-Abilene","Not Confirmed","99"
"2017","Stephens","2-Abilene","Confirmed Victim","15"
"2017","Stonewall","2-Abilene","Not Confirmed","2"
"2017","Stonewall","2-Abilene","Confirmed Victim","8"
"2017","Taylor","2-Abilene","Not Confirmed","1,986"
"2017","Taylor","2-Abilene","Confirmed Victim","800"
"2017","Throckmorton","2-Abilene","Not Confirmed","10"
"2017","Throckmorton","2-Abilene","Confirmed Victim","3"
"2017","Wichita","2-Abilene","Not Confirmed","1,725"
"2017","Wichita","2-Abilene","Confirmed Victim","609"
"2017","Wilbarger","2-Abilene","Not Confirmed","185"
"2017","Wilbarger","2-Abilene","Confirmed Victim","42"
"2017","Young","2-Abilene","Not Confirmed","241"
"2017","Young","2-Abilene","Confirmed Victim","85"
"2017","Collin","3-Arlington","Not Confirmed","3,271"
"2017","Collin","3-Arlington","Confirmed Victim","1,149"
"2017","Cooke","3-Arlington","Not Confirmed","474"
"2017","Cooke","3-Arlington","Confirmed Victim","253"
"2017","Dallas","3-Arlington","Not Confirmed","18,850"
"2017","Dallas","3-Arlington","Confirmed Victim","6,242"
"2017","Denton","3-Arlington","Not Confirmed","3,837"
"2017","Denton","3-Arlington","Confirmed Victim","932"
"2017","Ellis","3-Arlington","Not Confirmed","1,196"
"2017","Ellis","3-Arlington","Confirmed Victim","372"
"2017","Erath","3-Arlington","Not Confirmed","288"
"2017","Erath","3-Arlington","Confirmed Victim","167"
"2017","Fannin","3-Arlington","Not Confirmed","289"
"2017","Fannin","3-Arlington","Confirmed Victim","99"
"2017","Grayson","3-Arlington","Not Confirmed","1,284"
"2017","Grayson","3-Arlington","Confirmed Victim","459"
"2017","Hood","3-Arlington","Not Confirmed","583"
"2017","Hood","3-Arlington","Confirmed Victim","264"
"2017","Hunt","3-Arlington","Not Confirmed","854"
"2017","Hunt","3-Arlington","Confirmed Victim","311"
"2017","Johnson","3-Arlington","Not Confirmed","1,536"
"2017","Johnson","3-Arlington","Confirmed Victim","552"
"2017","Kaufman","3-Arlington","Not Confirmed","906"
"2017","Kaufman","3-Arlington","Confirmed Victim","246"
"2017","Navarro","3-Arlington","Not Confirmed","435"
"2017","Navarro","3-Arlington","Confirmed Victim","106"
"2017","Palo Pinto","3-Arlington","Not Confirmed","417"
"2017","Palo Pinto","3-Arlington","Confirmed Victim","238"
"2017","Parker","3-Arlington","Not Confirmed","968"
"2017","Parker","3-Arlington","Confirmed Victim","443"
"2017","Rockwall","3-Arlington","Not Confirmed","426"
"2017","Rockwall","3-Arlington","Confirmed Victim","98"
"2017","Somervell","3-Arlington","Not Confirmed","63"
"2017","Somervell","3-Arlington","Confirmed Victim","39"
"2017","Tarrant","3-Arlington","Not Confirmed","16,250"
"2017","Tarrant","3-Arlington","Confirmed Victim","5,630"
"2017","Wise","3-Arlington","Not Confirmed","597"
"2017","Wise","3-Arlington","Confirmed Victim","225"
"2017","Anderson","4-Tyler","Not Confirmed","410"
"2017","Anderson","4-Tyler","Confirmed Victim","216"
"2017","Bowie","4-Tyler","Not Confirmed","924"
"2017","Bowie","4-Tyler","Confirmed Victim","239"
"2017","Camp","4-Tyler","Not Confirmed","91"
"2017","Camp","4-Tyler","Confirmed Victim","47"
"2017","Cass","4-Tyler","Not Confirmed","268"
"2017","Cass","4-Tyler","Confirmed Victim","87"
"2017","Cherokee","4-Tyler","Not Confirmed","550"
"2017","Cherokee","4-Tyler","Confirmed Victim","199"
"2017","Delta","4-Tyler","Not Confirmed","59"
"2017","Delta","4-Tyler","Confirmed Victim","22"
"2017","Franklin","4-Tyler","Not Confirmed","87"
"2017","Franklin","4-Tyler","Confirmed Victim","35"
"2017","Gregg","4-Tyler","Not Confirmed","1,135"
"2017","Gregg","4-Tyler","Confirmed Victim","454"
"2017","Harrison","4-Tyler","Not Confirmed","627"
"2017","Harrison","4-Tyler","Confirmed Victim","199"
"2017","Henderson","4-Tyler","Not Confirmed","919"
"2017","Henderson","4-Tyler","Confirmed Victim","361"
"2017","Hopkins","4-Tyler","Not Confirmed","328"
"2017","Hopkins","4-Tyler","Confirmed Victim","112"
"2017","Lamar","4-Tyler","Not Confirmed","550"
"2017","Lamar","4-Tyler","Confirmed Victim","218"
"2017","Marion","4-Tyler","Not Confirmed","137"
"2017","Marion","4-Tyler","Confirmed Victim","56"
"2017","Morris","4-Tyler","Not Confirmed","120"
"2017","Morris","4-Tyler","Confirmed Victim","35"
"2017","Panola","4-Tyler","Not Confirmed","209"
"2017","Panola","4-Tyler","Confirmed Victim","91"
"2017","Rains","4-Tyler","Not Confirmed","122"
"2017","Rains","4-Tyler","Confirmed Victim","43"
"2017","Red River","4-Tyler","Not Confirmed","121"
"2017","Red River","4-Tyler","Confirmed Victim","37"
"2017","Rusk","4-Tyler","Not Confirmed","435"
"2017","Rusk","4-Tyler","Confirmed Victim","186"
"2017","Smith","4-Tyler","Not Confirmed","1,847"
"2017","Smith","4-Tyler","Confirmed Victim","517"
"2017","Titus","4-Tyler","Not Confirmed","239"
"2017","Titus","4-Tyler","Confirmed Victim","97"
"2017","Upshur","4-Tyler","Not Confirmed","370"
"2017","Upshur","4-Tyler","Confirmed Victim","120"
"2017","Van Zandt","4-Tyler","Not Confirmed","481"
"2017","Van Zandt","4-Tyler","Confirmed Victim","179"
"2017","Wood","4-Tyler","Not Confirmed","335"
"2017","Wood","4-Tyler","Confirmed Victim","169"
"2017","Angelina","5-Beaumont","Not Confirmed","985"
"2017","Angelina","5-Beaumont","Confirmed Victim","286"
"2017","Hardin","5-Beaumont","Not Confirmed","502"
"2017","Hardin","5-Beaumont","Confirmed Victim","116"
"2017","Houston","5-Beaumont","Not Confirmed","215"
"2017","Houston","5-Beaumont","Confirmed Victim","60"
"2017","Jasper","5-Beaumont","Not Confirmed","318"
"2017","Jasper","5-Beaumont","Confirmed Victim","129"
"2017","Jefferson","5-Beaumont","Not Confirmed","2,376"
"2017","Jefferson","5-Beaumont","Confirmed Victim","572"
"2017","Nacogdoches","5-Beaumont","Not Confirmed","510"
"2017","Nacogdoches","5-Beaumont","Confirmed Victim","147"
"2017","Newton","5-Beaumont","Not Confirmed","87"
"2017","Newton","5-Beaumont","Confirmed Victim","18"
"2017","Orange","5-Beaumont","Not Confirmed","927"
"2017","Orange","5-Beaumont","Confirmed Victim","244"
"2017","Polk","5-Beaumont","Not Confirmed","567"
"2017","Polk","5-Beaumont","Confirmed Victim","167"
"2017","Sabine","5-Beaumont","Not Confirmed","87"
"2017","Sabine","5-Beaumont","Confirmed Victim","40"
"2017","San Augustine","5-Beaumont","Not Confirmed","69"
"2017","San Augustine","5-Beaumont","Confirmed Victim","37"
"2017","San Jacinto","5-Beaumont","Not Confirmed","234"
"2017","San Jacinto","5-Beaumont","Confirmed Victim","83"
"2017","Shelby","5-Beaumont","Not Confirmed","238"
"2017","Shelby","5-Beaumont","Confirmed Victim","97"
"2017","Trinity","5-Beaumont","Not Confirmed","113"
"2017","Trinity","5-Beaumont","Confirmed Victim","68"
"2017","Tyler","5-Beaumont","Not Confirmed","247"
"2017","Tyler","5-Beaumont","Confirmed Victim","91"
"2017","Austin","6-Houston","Not Confirmed","261"
"2017","Austin","6-Houston","Confirmed Victim","17"
"2017","Brazoria","6-Houston","Not Confirmed","2,471"
"2017","Brazoria","6-Houston","Confirmed Victim","655"
"2017","Chambers","6-Houston","Not Confirmed","219"
"2017","Chambers","6-Houston","Confirmed Victim","66"
"2017","Colorado","6-Houston","Not Confirmed","184"
"2017","Colorado","6-Houston","Confirmed Victim","12"
"2017","Fort Bend","6-Houston","Not Confirmed","3,323"
"2017","Fort Bend","6-Houston","Confirmed Victim","737"
"2017","Galveston","6-Houston","Not Confirmed","3,043"
"2017","Galveston","6-Houston","Confirmed Victim","746"
"2017","Harris","6-Houston","Not Confirmed","33,975"
"2017","Harris","6-Houston","Confirmed Victim","6,551"
"2017","Liberty","6-Houston","Not Confirmed","938"
"2017","Liberty","6-Houston","Confirmed Victim","277"
"2017","Matagorda","6-Houston","Not Confirmed","392"
"2017","Matagorda","6-Houston","Confirmed Victim","51"
"2017","Montgomery","6-Houston","Not Confirmed","4,059"
"2017","Montgomery","6-Houston","Confirmed Victim","807"
"2017","Walker","6-Houston","Not Confirmed","388"
"2017","Walker","6-Houston","Confirmed Victim","61"
"2017","Waller","6-Houston","Not Confirmed","421"
"2017","Waller","6-Houston","Confirmed Victim","45"
"2017","Wharton","6-Houston","Not Confirmed","342"
"2017","Wharton","6-Houston","Confirmed Victim","105"
"2017","Bastrop","7-Austin","Not Confirmed","899"
"2017","Bastrop","7-Austin","Confirmed Victim","210"
"2017","Bell","7-Austin","Not Confirmed","3,846"
"2017","Bell","7-Austin","Confirmed Victim","1,148"
"2017","Blanco","7-Austin","Not Confirmed","48"
"2017","Blanco","7-Austin","Confirmed Victim","13"
"2017","Bosque","7-Austin","Not Confirmed","151"
"2017","Bosque","7-Austin","Confirmed Victim","49"
"2017","Brazos","7-Austin","Not Confirmed","1,337"
"2017","Brazos","7-Austin","Confirmed Victim","302"
"2017","Burleson","7-Austin","Not Confirmed","201"
"2017","Burleson","7-Austin","Confirmed Victim","57"
"2017","Burnet","7-Austin","Not Confirmed","390"
"2017","Burnet","7-Austin","Confirmed Victim","149"
"2017","Caldwell","7-Austin","Not Confirmed","511"
"2017","Caldwell","7-Austin","Confirmed Victim","135"
"2017","Coryell","7-Austin","Not Confirmed","757"
"2017","Coryell","7-Austin","Confirmed Victim","289"
"2017","Falls","7-Austin","Not Confirmed","164"
"2017","Falls","7-Austin","Confirmed Victim","57"
"2017","Fayette","7-Austin","Not Confirmed","146"
"2017","Fayette","7-Austin","Confirmed Victim","50"
"2017","Freestone","7-Austin","Not Confirmed","145"
"2017","Freestone","7-Austin","Confirmed Victim","37"
"2017","Grimes","7-Austin","Not Confirmed","321"
"2017","Grimes","7-Austin","Confirmed Victim","63"
"2017","Hamilton","7-Austin","Not Confirmed","82"
"2017","Hamilton","7-Austin","Confirmed Victim","23"
"2017","Hays","7-Austin","Not Confirmed","1,350"
"2017","Hays","7-Austin","Confirmed Victim","308"
"2017","Hill","7-Austin","Not Confirmed","339"
"2017","Hill","7-Austin","Confirmed Victim","123"
"2017","Lampasas","7-Austin","Not Confirmed","180"
"2017","Lampasas","7-Austin","Confirmed Victim","83"
"2017","Lee","7-Austin","Not Confirmed","174"
"2017","Lee","7-Austin","Confirmed Victim","41"
"2017","Leon","7-Austin","Not Confirmed","155"
"2017","Leon","7-Austin","Confirmed Victim","32"
"2017","Limestone","7-Austin","Not Confirmed","235"
"2017","Limestone","7-Austin","Confirmed Victim","34"
"2017","Llano","7-Austin","Not Confirmed","152"
"2017","Llano","7-Austin","Confirmed Victim","83"
"2017","Madison","7-Austin","Not Confirmed","111"
"2017","Madison","7-Austin","Confirmed Victim","14"
"2017","McLennan","7-Austin","Not Confirmed","2,804"
"2017","McLennan","7-Austin","Confirmed Victim","851"
"2017","Milam","7-Austin","Not Confirmed","269"
"2017","Milam","7-Austin","Confirmed Victim","80"
"2017","Mills","7-Austin","Not Confirmed","48"
"2017","Mills","7-Austin","Confirmed Victim","6"
"2017","Robertson","7-Austin","Not Confirmed","231"
"2017","Robertson","7-Austin","Confirmed Victim","31"
"2017","San Saba","7-Austin","Not Confirmed","27"
"2017","San Saba","7-Austin","Confirmed Victim","16"
"2017","Travis","7-Austin","Not Confirmed","8,629"
"2017","Travis","7-Austin","Confirmed Victim","2,172"
"2017","Washington","7-Austin","Not Confirmed","238"
"2017","Washington","7-Austin","Confirmed Victim","50"
"2017","Williamson","7-Austin","Not Confirmed","2,517"
"2017","Williamson","7-Austin","Confirmed Victim","596"
"2017","Atascosa","8-San Antonio","Not Confirmed","730"
"2017","Atascosa","8-San Antonio","Confirmed Victim","308"
"2017","Bandera","8-San Antonio","Not Confirmed","192"
"2017","Bandera","8-San Antonio","Confirmed Victim","83"
"2017","Bexar","8-San Antonio","Not Confirmed","20,201"
"2017","Bexar","8-San Antonio","Confirmed Victim","5,588"
"2017","Calhoun","8-San Antonio","Not Confirmed","199"
"2017","Calhoun","8-San Antonio","Confirmed Victim","99"
"2017","Comal","8-San Antonio","Not Confirmed","1,150"
"2017","Comal","8-San Antonio","Confirmed Victim","455"
"2017","DeWitt","8-San Antonio","Not Confirmed","261"
"2017","DeWitt","8-San Antonio","Confirmed Victim","65"
"2017","Dimmit","8-San Antonio","Not Confirmed","173"
"2017","Dimmit","8-San Antonio","Confirmed Victim","51"
"2017","Edwards","8-San Antonio","Not Confirmed","30"
"2017","Edwards","8-San Antonio","Confirmed Victim","5"
"2017","Frio","8-San Antonio","Not Confirmed","243"
"2017","Frio","8-San Antonio","Confirmed Victim","94"
"2017","Gillespie","8-San Antonio","Not Confirmed","153"
"2017","Gillespie","8-San Antonio","Confirmed Victim","42"
"2017","Goliad","8-San Antonio","Not Confirmed","94"
"2017","Goliad","8-San Antonio","Confirmed Victim","16"
"2017","Gonzales","8-San Antonio","Not Confirmed","282"
"2017","Gonzales","8-San Antonio","Confirmed Victim","77"
"2017","Guadalupe","8-San Antonio","Not Confirmed","1,538"
"2017","Guadalupe","8-San Antonio","Confirmed Victim","317"
"2017","Jackson","8-San Antonio","Not Confirmed","117"
"2017","Jackson","8-San Antonio","Confirmed Victim","42"
"2017","Karnes","8-San Antonio","Not Confirmed","216"
"2017","Karnes","8-San Antonio","Confirmed Victim","64"
"2017","Kendall","8-San Antonio","Not Confirmed","257"
"2017","Kendall","8-San Antonio","Confirmed Victim","39"
"2017","Kerr","8-San Antonio","Not Confirmed","483"
"2017","Kerr","8-San Antonio","Confirmed Victim","182"
"2017","Kinney","8-San Antonio","Not Confirmed","23"
"2017","Kinney","8-San Antonio","Confirmed Victim","7"
"2017","La Salle","8-San Antonio","Not Confirmed","122"
"2017","La Salle","8-San Antonio","Confirmed Victim","38"
"2017","Lavaca","8-San Antonio","Not Confirmed","143"
"2017","Lavaca","8-San Antonio","Confirmed Victim","20"
"2017","Maverick","8-San Antonio","Not Confirmed","294"
"2017","Maverick","8-San Antonio","Confirmed Victim","38"
"2017","Medina","8-San Antonio","Not Confirmed","527"
"2017","Medina","8-San Antonio","Confirmed Victim","108"
"2017","Real","8-San Antonio","Not Confirmed","46"
"2017","Real","8-San Antonio","Confirmed Victim","6"
"2017","Uvalde","8-San Antonio","Not Confirmed","392"
"2017","Uvalde","8-San Antonio","Confirmed Victim","120"
"2017","Val Verde","8-San Antonio","Not Confirmed","418"
"2017","Val Verde","8-San Antonio","Confirmed Victim","74"
"2017","Victoria","8-San Antonio","Not Confirmed","1,179"
"2017","Victoria","8-San Antonio","Confirmed Victim","206"
"2017","Wilson","8-San Antonio","Not Confirmed","405"
"2017","Wilson","8-San Antonio","Confirmed Victim","87"
"2017","Zavala","8-San Antonio","Not Confirmed","189"
"2017","Zavala","8-San Antonio","Confirmed Victim","36"
"2017","Andrews","9-Midland","Not Confirmed","168"
"2017","Andrews","9-Midland","Confirmed Victim","36"
"2017","Borden","9-Midland","Not Confirmed","13"
"2017","Borden","9-Midland","Confirmed Victim","5"
"2017","Coke","9-Midland","Not Confirmed","38"
"2017","Coke","9-Midland","Confirmed Victim","1"
"2017","Concho","9-Midland","Not Confirmed","13"
"2017","Crane","9-Midland","Not Confirmed","15"
"2017","Crane","9-Midland","Confirmed Victim","6"
"2017","Crockett","9-Midland","Not Confirmed","32"
"2017","Crockett","9-Midland","Confirmed Victim","14"
"2017","Dawson","9-Midland","Not Confirmed","161"
"2017","Dawson","9-Midland","Confirmed Victim","60"
"2017","Ector","9-Midland","Not Confirmed","1,422"
"2017","Ector","9-Midland","Confirmed Victim","350"
"2017","Gaines","9-Midland","Not Confirmed","134"
"2017","Gaines","9-Midland","Confirmed Victim","35"
"2017","Glasscock","9-Midland","Not Confirmed","6"
"2017","Glasscock","9-Midland","Confirmed Victim","3"
"2017","Howard","9-Midland","Not Confirmed","374"
"2017","Howard","9-Midland","Confirmed Victim","136"
"2017","Irion","9-Midland","Not Confirmed","13"
"2017","Irion","9-Midland","Confirmed Victim","7"
"2017","Kimble","9-Midland","Not Confirmed","39"
"2017","Kimble","9-Midland","Confirmed Victim","17"
"2017","Loving","9-Midland","Not Confirmed","1"
"2017","Martin","9-Midland","Not Confirmed","48"
"2017","Martin","9-Midland","Confirmed Victim","20"
"2017","Mason","9-Midland","Not Confirmed","36"
"2017","Mason","9-Midland","Confirmed Victim","7"
"2017","McCulloch","9-Midland","Not Confirmed","129"
"2017","McCulloch","9-Midland","Confirmed Victim","29"
"2017","Menard","9-Midland","Not Confirmed","26"
"2017","Menard","9-Midland","Confirmed Victim","5"
"2017","Midland","9-Midland","Not Confirmed","1,101"
"2017","Midland","9-Midland","Confirmed Victim","203"
"2017","Pecos","9-Midland","Not Confirmed","107"
"2017","Pecos","9-Midland","Confirmed Victim","31"
"2017","Reagan","9-Midland","Not Confirmed","34"
"2017","Reagan","9-Midland","Confirmed Victim","7"
"2017","Reeves","9-Midland","Not Confirmed","58"
"2017","Reeves","9-Midland","Confirmed Victim","21"
"2017","Schleicher","9-Midland","Not Confirmed","15"
"2017","Schleicher","9-Midland","Confirmed Victim","8"
"2017","Sterling","9-Midland","Not Confirmed","17"
"2017","Sterling","9-Midland","Confirmed Victim","1"
"2017","Sutton","9-Midland","Not Confirmed","77"
"2017","Sutton","9-Midland","Confirmed Victim","20"
"2017","Terrell","9-Midland","Not Confirmed","8"
"2017","Tom Green","9-Midland","Not Confirmed","1,151"
"2017","Tom Green","9-Midland","Confirmed Victim","328"
"2017","Upton","9-Midland","Not Confirmed","27"
"2017","Upton","9-Midland","Confirmed Victim","6"
"2017","Ward","9-Midland","Not Confirmed","118"
"2017","Ward","9-Midland","Confirmed Victim","39"
"2017","Winkler","9-Midland","Not Confirmed","59"
"2017","Winkler","9-Midland","Confirmed Victim","19"
"2017","Brewster","10-El Paso","Not Confirmed","58"
"2017","Brewster","10-El Paso","Confirmed Victim","17"
"2017","Culberson","10-El Paso","Not Confirmed","17"
"2017","Culberson","10-El Paso","Confirmed Victim","15"
"2017","El Paso","10-El Paso","Not Confirmed","6,383"
"2017","El Paso","10-El Paso","Confirmed Victim","1,943"
"2017","Hudspeth","10-El Paso","Not Confirmed","20"
"2017","Hudspeth","10-El Paso","Confirmed Victim","8"
"2017","Jeff Davis","10-El Paso","Not Confirmed","11"
"2017","Jeff Davis","10-El Paso","Confirmed Victim","1"
"2017","Presidio","10-El Paso","Not Confirmed","39"
"2017","Presidio","10-El Paso","Confirmed Victim","6"
"2017","Aransas","11-Edinburg","Not Confirmed","276"
"2017","Aransas","11-Edinburg","Confirmed Victim","85"
"2017","Bee","11-Edinburg","Not Confirmed","373"
"2017","Bee","11-Edinburg","Confirmed Victim","94"
"2017","Brooks","11-Edinburg","Not Confirmed","147"
"2017","Brooks","11-Edinburg","Confirmed Victim","37"
"2017","Cameron","11-Edinburg","Not Confirmed","4,104"
"2017","Cameron","11-Edinburg","Confirmed Victim","1,209"
"2017","Duval","11-Edinburg","Not Confirmed","140"
"2017","Duval","11-Edinburg","Confirmed Victim","20"
"2017","Hidalgo","11-Edinburg","Not Confirmed","7,748"
"2017","Hidalgo","11-Edinburg","Confirmed Victim","1,666"
"2017","Jim Hogg","11-Edinburg","Not Confirmed","113"
"2017","Jim Hogg","11-Edinburg","Confirmed Victim","17"
"2017","Jim Wells","11-Edinburg","Not Confirmed","663"
"2017","Jim Wells","11-Edinburg","Confirmed Victim","121"
"2017","Kleberg","11-Edinburg","Not Confirmed","337"
"2017","Kleberg","11-Edinburg","Confirmed Victim","91"
"2017","Live Oak","11-Edinburg","Not Confirmed","110"
"2017","Live Oak","11-Edinburg","Confirmed Victim","37"
"2017","McMullen","11-Edinburg","Not Confirmed","17"
"2017","McMullen","11-Edinburg","Confirmed Victim","1"
"2017","Nueces","11-Edinburg","Not Confirmed","3,853"
"2017","Nueces","11-Edinburg","Confirmed Victim","1,244"
"2017","Refugio","11-Edinburg","Not Confirmed","69"
"2017","Refugio","11-Edinburg","Confirmed Victim","15"
"2017","San Patricio","11-Edinburg","Not Confirmed","809"
"2017","San Patricio","11-Edinburg","Confirmed Victim","216"
"2017","Starr","11-Edinburg","Not Confirmed","545"
"2017","Starr","11-Edinburg","Confirmed Victim","136"
"2017","Webb","11-Edinburg","Not Confirmed","2,106"
"2017","Webb","11-Edinburg","Confirmed Victim","438"
"2017","Willacy","11-Edinburg","Not Confirmed","243"
"2017","Willacy","11-Edinburg","Confirmed Victim","73"
"2017","Zapata","11-Edinburg","Not Confirmed","182"
"2017","Zapata","11-Edinburg","Confirmed Victim","51"
"2017","Out of State","Out of State","Not Confirmed","36"
"2017","Out of State","Out of State","Confirmed Victim","14"
"2016","Armstrong","1-Lubbock","Not Confirmed","15"
"2016","Armstrong","1-Lubbock","Confirmed Victim","2"
"2016","Bailey","1-Lubbock","Not Confirmed","43"
"2016","Bailey","1-Lubbock","Confirmed Victim","16"
"2016","Briscoe","1-Lubbock","Not Confirmed","10"
"2016","Briscoe","1-Lubbock","Confirmed Victim","3"
"2016","Carson","1-Lubbock","Not Confirmed","41"
"2016","Carson","1-Lubbock","Confirmed Victim","7"
"2016","Castro","1-Lubbock","Not Confirmed","59"
"2016","Castro","1-Lubbock","Confirmed Victim","22"
"2016","Childress","1-Lubbock","Not Confirmed","64"
"2016","Childress","1-Lubbock","Confirmed Victim","18"
"2016","Cochran","1-Lubbock","Not Confirmed","23"
"2016","Cochran","1-Lubbock","Confirmed Victim","11"
"2016","Collingsworth","1-Lubbock","Not Confirmed","13"
"2016","Collingsworth","1-Lubbock","Confirmed Victim","7"
"2016","Crosby","1-Lubbock","Not Confirmed","101"
"2016","Crosby","1-Lubbock","Confirmed Victim","39"
"2016","Dallam","1-Lubbock","Not Confirmed","62"
"2016","Dallam","1-Lubbock","Confirmed Victim","16"
"2016","Deaf Smith","1-Lubbock","Not Confirmed","213"
"2016","Deaf Smith","1-Lubbock","Confirmed Victim","74"
"2016","Dickens","1-Lubbock","Not Confirmed","28"
"2016","Dickens","1-Lubbock","Confirmed Victim","9"
"2016","Donley","1-Lubbock","Not Confirmed","36"
"2016","Donley","1-Lubbock","Confirmed Victim","16"
"2016","Floyd","1-Lubbock","Not Confirmed","57"
"2016","Floyd","1-Lubbock","Confirmed Victim","18"
"2016","Garza","1-Lubbock","Not Confirmed","36"
"2016","Garza","1-Lubbock","Confirmed Victim","7"
"2016","Gray","1-Lubbock","Not Confirmed","235"
"2016","Gray","1-Lubbock","Confirmed Victim","76"
"2016","Hale","1-Lubbock","Not Confirmed","365"
"2016","Hale","1-Lubbock","Confirmed Victim","140"
"2016","Hall","1-Lubbock","Not Confirmed","34"
"2016","Hall","1-Lubbock","Confirmed Victim","6"
"2016","Hansford","1-Lubbock","Not Confirmed","12"
"2016","Hansford","1-Lubbock","Confirmed Victim","11"
"2016","Hartley","1-Lubbock","Not Confirmed","18"
"2016","Hartley","1-Lubbock","Confirmed Victim","3"
"2016","Hemphill","1-Lubbock","Not Confirmed","30"
"2016","Hemphill","1-Lubbock","Confirmed Victim","3"
"2016","Hockley","1-Lubbock","Not Confirmed","230"
"2016","Hockley","1-Lubbock","Confirmed Victim","54"
"2016","Hutchinson","1-Lubbock","Not Confirmed","261"
"2016","Hutchinson","1-Lubbock","Confirmed Victim","95"
"2016","Lamb","1-Lubbock","Not Confirmed","141"
"2016","Lamb","1-Lubbock","Confirmed Victim","68"
"2016","Lipscomb","1-Lubbock","Not Confirmed","9"
"2016","Lipscomb","1-Lubbock","Confirmed Victim","4"
"2016","Lubbock","1-Lubbock","Not Confirmed","2,867"
"2016","Lubbock","1-Lubbock","Confirmed Victim","1,033"
"2016","Lynn","1-Lubbock","Not Confirmed","62"
"2016","Lynn","1-Lubbock","Confirmed Victim","4"
"2016","Moore","1-Lubbock","Not Confirmed","211"
"2016","Moore","1-Lubbock","Confirmed Victim","94"
"2016","Motley","1-Lubbock","Not Confirmed","14"
"2016","Ochiltree","1-Lubbock","Not Confirmed","51"
"2016","Ochiltree","1-Lubbock","Confirmed Victim","19"
"2016","Oldham","1-Lubbock","Not Confirmed","10"
"2016","Oldham","1-Lubbock","Confirmed Victim","2"
"2016","Parmer","1-Lubbock","Not Confirmed","40"
"2016","Parmer","1-Lubbock","Confirmed Victim","16"
"2016","Potter","1-Lubbock","Not Confirmed","1,536"
"2016","Potter","1-Lubbock","Confirmed Victim","591"
"2016","Randall","1-Lubbock","Not Confirmed","781"
"2016","Randall","1-Lubbock","Confirmed Victim","279"
"2016","Roberts","1-Lubbock","Not Confirmed","8"
"2016","Sherman","1-Lubbock","Not Confirmed","5"
"2016","Sherman","1-Lubbock","Confirmed Victim","7"
"2016","Swisher","1-Lubbock","Not Confirmed","67"
"2016","Swisher","1-Lubbock","Confirmed Victim","26"
"2016","Terry","1-Lubbock","Not Confirmed","119"
"2016","Terry","1-Lubbock","Confirmed Victim","29"
"2016","Wheeler","1-Lubbock","Not Confirmed","30"
"2016","Wheeler","1-Lubbock","Confirmed Victim","12"
"2016","Yoakum","1-Lubbock","Not Confirmed","47"
"2016","Yoakum","1-Lubbock","Confirmed Victim","16"
"2016","Archer","2-Abilene","Not Confirmed","60"
"2016","Archer","2-Abilene","Confirmed Victim","12"
"2016","Baylor","2-Abilene","Not Confirmed","67"
"2016","Baylor","2-Abilene","Confirmed Victim","9"
"2016","Brown","2-Abilene","Not Confirmed","486"
"2016","Brown","2-Abilene","Confirmed Victim","185"
"2016","Callahan","2-Abilene","Not Confirmed","211"
"2016","Callahan","2-Abilene","Confirmed Victim","28"
"2016","Clay","2-Abilene","Not Confirmed","86"
"2016","Clay","2-Abilene","Confirmed Victim","36"
"2016","Coleman","2-Abilene","Not Confirmed","134"
"2016","Coleman","2-Abilene","Confirmed Victim","28"
"2016","Comanche","2-Abilene","Not Confirmed","151"
"2016","Comanche","2-Abilene","Confirmed Victim","44"
"2016","Cottle","2-Abilene","Not Confirmed","13"
"2016","Cottle","2-Abilene","Confirmed Victim","6"
"2016","Eastland","2-Abilene","Not Confirmed","285"
"2016","Eastland","2-Abilene","Confirmed Victim","52"
"2016","Fisher","2-Abilene","Not Confirmed","38"
"2016","Fisher","2-Abilene","Confirmed Victim","3"
"2016","Foard","2-Abilene","Not Confirmed","18"
"2016","Foard","2-Abilene","Confirmed Victim","1"
"2016","Hardeman","2-Abilene","Not Confirmed","49"
"2016","Hardeman","2-Abilene","Confirmed Victim","12"
"2016","Haskell","2-Abilene","Not Confirmed","50"
"2016","Haskell","2-Abilene","Confirmed Victim","8"
"2016","Jack","2-Abilene","Not Confirmed","78"
"2016","Jack","2-Abilene","Confirmed Victim","52"
"2016","Jones","2-Abilene","Not Confirmed","199"
"2016","Jones","2-Abilene","Confirmed Victim","47"
"2016","Kent","2-Abilene","Not Confirmed","3"
"2016","Knox","2-Abilene","Not Confirmed","34"
"2016","Knox","2-Abilene","Confirmed Victim","6"
"2016","Mitchell","2-Abilene","Not Confirmed","139"
"2016","Mitchell","2-Abilene","Confirmed Victim","27"
"2016","Montague","2-Abilene","Not Confirmed","200"
"2016","Montague","2-Abilene","Confirmed Victim","143"
"2016","Nolan","2-Abilene","Not Confirmed","281"
"2016","Nolan","2-Abilene","Confirmed Victim","85"
"2016","Runnels","2-Abilene","Not Confirmed","82"
"2016","Runnels","2-Abilene","Confirmed Victim","24"
"2016","Scurry","2-Abilene","Not Confirmed","212"
"2016","Scurry","2-Abilene","Confirmed Victim","61"
"2016","Shackelford","2-Abilene","Not Confirmed","48"
"2016","Shackelford","2-Abilene","Confirmed Victim","20"
"2016","Stephens","2-Abilene","Not Confirmed","121"
"2016","Stephens","2-Abilene","Confirmed Victim","26"
"2016","Stonewall","2-Abilene","Not Confirmed","7"
"2016","Taylor","2-Abilene","Not Confirmed","1,994"
"2016","Taylor","2-Abilene","Confirmed Victim","713"
"2016","Throckmorton","2-Abilene","Not Confirmed","14"
"2016","Wichita","2-Abilene","Not Confirmed","1,761"
"2016","Wichita","2-Abilene","Confirmed Victim","585"
"2016","Wilbarger","2-Abilene","Not Confirmed","144"
"2016","Wilbarger","2-Abilene","Confirmed Victim","47"
"2016","Young","2-Abilene","Not Confirmed","247"
"2016","Young","2-Abilene","Confirmed Victim","77"
"2016","Collin","3-Arlington","Not Confirmed","3,200"
"2016","Collin","3-Arlington","Confirmed Victim","1,183"
"2016","Cooke","3-Arlington","Not Confirmed","417"
"2016","Cooke","3-Arlington","Confirmed Victim","206"
"2016","Dallas","3-Arlington","Not Confirmed","15,474"
"2016","Dallas","3-Arlington","Confirmed Victim","4,535"
"2016","Denton","3-Arlington","Not Confirmed","3,655"
"2016","Denton","3-Arlington","Confirmed Victim","806"
"2016","Ellis","3-Arlington","Not Confirmed","1,118"
"2016","Ellis","3-Arlington","Confirmed Victim","398"
"2016","Erath","3-Arlington","Not Confirmed","292"
"2016","Erath","3-Arlington","Confirmed Victim","114"
"2016","Fannin","3-Arlington","Not Confirmed","285"
"2016","Fannin","3-Arlington","Confirmed Victim","135"
"2016","Grayson","3-Arlington","Not Confirmed","1,226"
"2016","Grayson","3-Arlington","Confirmed Victim","589"
"2016","Hood","3-Arlington","Not Confirmed","548"
"2016","Hood","3-Arlington","Confirmed Victim","264"
"2016","Hunt","3-Arlington","Not Confirmed","785"
"2016","Hunt","3-Arlington","Confirmed Victim","283"
"2016","Johnson","3-Arlington","Not Confirmed","1,397"
"2016","Johnson","3-Arlington","Confirmed Victim","654"
"2016","Kaufman","3-Arlington","Not Confirmed","826"
"2016","Kaufman","3-Arlington","Confirmed Victim","246"
"2016","Navarro","3-Arlington","Not Confirmed","502"
"2016","Navarro","3-Arlington","Confirmed Victim","91"
"2016","Palo Pinto","3-Arlington","Not Confirmed","356"
"2016","Palo Pinto","3-Arlington","Confirmed Victim","254"
"2016","Parker","3-Arlington","Not Confirmed","1,038"
"2016","Parker","3-Arlington","Confirmed Victim","440"
"2016","Rockwall","3-Arlington","Not Confirmed","373"
"2016","Rockwall","3-Arlington","Confirmed Victim","126"
"2016","Somervell","3-Arlington","Not Confirmed","39"
"2016","Somervell","3-Arlington","Confirmed Victim","32"
"2016","Tarrant","3-Arlington","Not Confirmed","15,666"
"2016","Tarrant","3-Arlington","Confirmed Victim","5,162"
"2016","Wise","3-Arlington","Not Confirmed","585"
"2016","Wise","3-Arlington","Confirmed Victim","199"
"2016","Anderson","4-Tyler","Not Confirmed","511"
"2016","Anderson","4-Tyler","Confirmed Victim","226"
"2016","Bowie","4-Tyler","Not Confirmed","1,013"
"2016","Bowie","4-Tyler","Confirmed Victim","261"
"2016","Camp","4-Tyler","Not Confirmed","171"
"2016","Camp","4-Tyler","Confirmed Victim","42"
"2016","Cass","4-Tyler","Not Confirmed","371"
"2016","Cass","4-Tyler","Confirmed Victim","101"
"2016","Cherokee","4-Tyler","Not Confirmed","592"
"2016","Cherokee","4-Tyler","Confirmed Victim","194"
"2016","Delta","4-Tyler","Not Confirmed","62"
"2016","Delta","4-Tyler","Confirmed Victim","16"
"2016","Franklin","4-Tyler","Not Confirmed","78"
"2016","Franklin","4-Tyler","Confirmed Victim","51"
"2016","Gregg","4-Tyler","Not Confirmed","1,267"
"2016","Gregg","4-Tyler","Confirmed Victim","532"
"2016","Harrison","4-Tyler","Not Confirmed","696"
"2016","Harrison","4-Tyler","Confirmed Victim","144"
"2016","Henderson","4-Tyler","Not Confirmed","867"
"2016","Henderson","4-Tyler","Confirmed Victim","424"
"2016","Hopkins","4-Tyler","Not Confirmed","346"
"2016","Hopkins","4-Tyler","Confirmed Victim","109"
"2016","Lamar","4-Tyler","Not Confirmed","662"
"2016","Lamar","4-Tyler","Confirmed Victim","199"
"2016","Marion","4-Tyler","Not Confirmed","135"
"2016","Marion","4-Tyler","Confirmed Victim","53"
"2016","Morris","4-Tyler","Not Confirmed","120"
"2016","Morris","4-Tyler","Confirmed Victim","55"
"2016","Panola","4-Tyler","Not Confirmed","221"
"2016","Panola","4-Tyler","Confirmed Victim","88"
"2016","Rains","4-Tyler","Not Confirmed","111"
"2016","Rains","4-Tyler","Confirmed Victim","38"
"2016","Red River","4-Tyler","Not Confirmed","142"
"2016","Red River","4-Tyler","Confirmed Victim","48"
"2016","Rusk","4-Tyler","Not Confirmed","546"
"2016","Rusk","4-Tyler","Confirmed Victim","214"
"2016","Smith","4-Tyler","Not Confirmed","1,803"
"2016","Smith","4-Tyler","Confirmed Victim","647"
"2016","Titus","4-Tyler","Not Confirmed","268"
"2016","Titus","4-Tyler","Confirmed Victim","93"
"2016","Upshur","4-Tyler","Not Confirmed","395"
"2016","Upshur","4-Tyler","Confirmed Victim","112"
"2016","Van Zandt","4-Tyler","Not Confirmed","428"
"2016","Van Zandt","4-Tyler","Confirmed Victim","203"
"2016","Wood","4-Tyler","Not Confirmed","354"
"2016","Wood","4-Tyler","Confirmed Victim","143"
"2016","Angelina","5-Beaumont","Not Confirmed","1,008"
"2016","Angelina","5-Beaumont","Confirmed Victim","277"
"2016","Hardin","5-Beaumont","Not Confirmed","566"
"2016","Hardin","5-Beaumont","Confirmed Victim","142"
"2016","Houston","5-Beaumont","Not Confirmed","232"
"2016","Houston","5-Beaumont","Confirmed Victim","107"
"2016","Jasper","5-Beaumont","Not Confirmed","445"
"2016","Jasper","5-Beaumont","Confirmed Victim","138"
"2016","Jefferson","5-Beaumont","Not Confirmed","2,681"
"2016","Jefferson","5-Beaumont","Confirmed Victim","546"
"2016","Nacogdoches","5-Beaumont","Not Confirmed","590"
"2016","Nacogdoches","5-Beaumont","Confirmed Victim","147"
"2016","Newton","5-Beaumont","Not Confirmed","115"
"2016","Newton","5-Beaumont","Confirmed Victim","28"
"2016","Orange","5-Beaumont","Not Confirmed","1,003"
"2016","Orange","5-Beaumont","Confirmed Victim","283"
"2016","Polk","5-Beaumont","Not Confirmed","721"
"2016","Polk","5-Beaumont","Confirmed Victim","129"
"2016","Sabine","5-Beaumont","Not Confirmed","121"
"2016","Sabine","5-Beaumont","Confirmed Victim","45"
"2016","San Augustine","5-Beaumont","Not Confirmed","75"
"2016","San Augustine","5-Beaumont","Confirmed Victim","19"
"2016","San Jacinto","5-Beaumont","Not Confirmed","291"
"2016","San Jacinto","5-Beaumont","Confirmed Victim","80"
"2016","Shelby","5-Beaumont","Not Confirmed","294"
"2016","Shelby","5-Beaumont","Confirmed Victim","83"
"2016","Trinity","5-Beaumont","Not Confirmed","200"
"2016","Trinity","5-Beaumont","Confirmed Victim","57"
"2016","Tyler","5-Beaumont","Not Confirmed","235"
"2016","Tyler","5-Beaumont","Confirmed Victim","63"
"2016","Austin","6-Houston","Not Confirmed","210"
"2016","Austin","6-Houston","Confirmed Victim","27"
"2016","Brazoria","6-Houston","Not Confirmed","2,201"
"2016","Brazoria","6-Houston","Confirmed Victim","613"
"2016","Chambers","6-Houston","Not Confirmed","243"
"2016","Chambers","6-Houston","Confirmed Victim","54"
"2016","Colorado","6-Houston","Not Confirmed","128"
"2016","Colorado","6-Houston","Confirmed Victim","19"
"2016","Fort Bend","6-Houston","Not Confirmed","3,076"
"2016","Fort Bend","6-Houston","Confirmed Victim","745"
"2016","Galveston","6-Houston","Not Confirmed","2,775"
"2016","Galveston","6-Houston","Confirmed Victim","681"
"2016","Harris","6-Houston","Not Confirmed","32,029"
"2016","Harris","6-Houston","Confirmed Victim","5,812"
"2016","Liberty","6-Houston","Not Confirmed","903"
"2016","Liberty","6-Houston","Confirmed Victim","293"
"2016","Matagorda","6-Houston","Not Confirmed","400"
"2016","Matagorda","6-Houston","Confirmed Victim","67"
"2016","Montgomery","6-Houston","Not Confirmed","3,789"
"2016","Montgomery","6-Houston","Confirmed Victim","605"
"2016","Walker","6-Houston","Not Confirmed","383"
"2016","Walker","6-Houston","Confirmed Victim","50"
"2016","Waller","6-Houston","Not Confirmed","323"
"2016","Waller","6-Houston","Confirmed Victim","54"
"2016","Wharton","6-Houston","Not Confirmed","384"
"2016","Wharton","6-Houston","Confirmed Victim","50"
"2016","Bastrop","7-Austin","Not Confirmed","842"
"2016","Bastrop","7-Austin","Confirmed Victim","293"
"2016","Bell","7-Austin","Not Confirmed","4,124"
"2016","Bell","7-Austin","Confirmed Victim","993"
"2016","Blanco","7-Austin","Not Confirmed","78"
"2016","Blanco","7-Austin","Confirmed Victim","14"
"2016","Bosque","7-Austin","Not Confirmed","189"
"2016","Bosque","7-Austin","Confirmed Victim","36"
"2016","Brazos","7-Austin","Not Confirmed","1,113"
"2016","Brazos","7-Austin","Confirmed Victim","246"
"2016","Burleson","7-Austin","Not Confirmed","154"
"2016","Burleson","7-Austin","Confirmed Victim","64"
"2016","Burnet","7-Austin","Not Confirmed","371"
"2016","Burnet","7-Austin","Confirmed Victim","148"
"2016","Caldwell","7-Austin","Not Confirmed","429"
"2016","Caldwell","7-Austin","Confirmed Victim","143"
"2016","Coryell","7-Austin","Not Confirmed","928"
"2016","Coryell","7-Austin","Confirmed Victim","277"
"2016","Falls","7-Austin","Not Confirmed","198"
"2016","Falls","7-Austin","Confirmed Victim","45"
"2016","Fayette","7-Austin","Not Confirmed","138"
"2016","Fayette","7-Austin","Confirmed Victim","48"
"2016","Freestone","7-Austin","Not Confirmed","178"
"2016","Freestone","7-Austin","Confirmed Victim","23"
"2016","Grimes","7-Austin","Not Confirmed","277"
"2016","Grimes","7-Austin","Confirmed Victim","63"
"2016","Hamilton","7-Austin","Not Confirmed","96"
"2016","Hamilton","7-Austin","Confirmed Victim","19"
"2016","Hays","7-Austin","Not Confirmed","1,176"
"2016","Hays","7-Austin","Confirmed Victim","321"
"2016","Hill","7-Austin","Not Confirmed","337"
"2016","Hill","7-Austin","Confirmed Victim","93"
"2016","Lampasas","7-Austin","Not Confirmed","233"
"2016","Lampasas","7-Austin","Confirmed Victim","69"
"2016","Lee","7-Austin","Not Confirmed","185"
"2016","Lee","7-Austin","Confirmed Victim","40"
"2016","Leon","7-Austin","Not Confirmed","198"
"2016","Leon","7-Austin","Confirmed Victim","35"
"2016","Limestone","7-Austin","Not Confirmed","215"
"2016","Limestone","7-Austin","Confirmed Victim","48"
"2016","Llano","7-Austin","Not Confirmed","216"
"2016","Llano","7-Austin","Confirmed Victim","68"
"2016","Madison","7-Austin","Not Confirmed","135"
"2016","Madison","7-Austin","Confirmed Victim","29"
"2016","McLennan","7-Austin","Not Confirmed","2,607"
"2016","McLennan","7-Austin","Confirmed Victim","835"
"2016","Milam","7-Austin","Not Confirmed","251"
"2016","Milam","7-Austin","Confirmed Victim","107"
"2016","Mills","7-Austin","Not Confirmed","50"
"2016","Mills","7-Austin","Confirmed Victim","13"
"2016","Robertson","7-Austin","Not Confirmed","192"
"2016","Robertson","7-Austin","Confirmed Victim","37"
"2016","San Saba","7-Austin","Not Confirmed","58"
"2016","San Saba","7-Austin","Confirmed Victim","25"
"2016","Travis","7-Austin","Not Confirmed","8,233"
"2016","Travis","7-Austin","Confirmed Victim","2,105"
"2016","Washington","7-Austin","Not Confirmed","219"
"2016","Washington","7-Austin","Confirmed Victim","89"
"2016","Williamson","7-Austin","Not Confirmed","2,424"
"2016","Williamson","7-Austin","Confirmed Victim","695"
"2016","Atascosa","8-San Antonio","Not Confirmed","517"
"2016","Atascosa","8-San Antonio","Confirmed Victim","202"
"2016","Bandera","8-San Antonio","Not Confirmed","156"
"2016","Bandera","8-San Antonio","Confirmed Victim","47"
"2016","Bexar","8-San Antonio","Not Confirmed","18,901"
"2016","Bexar","8-San Antonio","Confirmed Victim","4,550"
"2016","Calhoun","8-San Antonio","Not Confirmed","212"
"2016","Calhoun","8-San Antonio","Confirmed Victim","91"
"2016","Comal","8-San Antonio","Not Confirmed","1,015"
"2016","Comal","8-San Antonio","Confirmed Victim","382"
"2016","DeWitt","8-San Antonio","Not Confirmed","260"
"2016","DeWitt","8-San Antonio","Confirmed Victim","72"
"2016","Dimmit","8-San Antonio","Not Confirmed","181"
"2016","Dimmit","8-San Antonio","Confirmed Victim","60"
"2016","Edwards","8-San Antonio","Not Confirmed","7"
"2016","Edwards","8-San Antonio","Confirmed Victim","2"
"2016","Frio","8-San Antonio","Not Confirmed","266"
"2016","Frio","8-San Antonio","Confirmed Victim","79"
"2016","Gillespie","8-San Antonio","Not Confirmed","133"
"2016","Gillespie","8-San Antonio","Confirmed Victim","34"
"2016","Goliad","8-San Antonio","Not Confirmed","89"
"2016","Goliad","8-San Antonio","Confirmed Victim","17"
"2016","Gonzales","8-San Antonio","Not Confirmed","201"
"2016","Gonzales","8-San Antonio","Confirmed Victim","46"
"2016","Guadalupe","8-San Antonio","Not Confirmed","1,335"
"2016","Guadalupe","8-San Antonio","Confirmed Victim","357"
"2016","Jackson","8-San Antonio","Not Confirmed","107"
"2016","Jackson","8-San Antonio","Confirmed Victim","54"
"2016","Karnes","8-San Antonio","Not Confirmed","184"
"2016","Karnes","8-San Antonio","Confirmed Victim","31"
"2016","Kendall","8-San Antonio","Not Confirmed","222"
"2016","Kendall","8-San Antonio","Confirmed Victim","30"
"2016","Kerr","8-San Antonio","Not Confirmed","402"
"2016","Kerr","8-San Antonio","Confirmed Victim","197"
"2016","Kinney","8-San Antonio","Not Confirmed","30"
"2016","Kinney","8-San Antonio","Confirmed Victim","10"
"2016","La Salle","8-San Antonio","Not Confirmed","104"
"2016","La Salle","8-San Antonio","Confirmed Victim","19"
"2016","Lavaca","8-San Antonio","Not Confirmed","135"
"2016","Lavaca","8-San Antonio","Confirmed Victim","21"
"2016","Maverick","8-San Antonio","Not Confirmed","321"
"2016","Maverick","8-San Antonio","Confirmed Victim","34"
"2016","Medina","8-San Antonio","Not Confirmed","486"
"2016","Medina","8-San Antonio","Confirmed Victim","107"
"2016","Real","8-San Antonio","Not Confirmed","31"
"2016","Real","8-San Antonio","Confirmed Victim","10"
"2016","Uvalde","8-San Antonio","Not Confirmed","378"
"2016","Uvalde","8-San Antonio","Confirmed Victim","101"
"2016","Val Verde","8-San Antonio","Not Confirmed","481"
"2016","Val Verde","8-San Antonio","Confirmed Victim","70"
"2016","Victoria","8-San Antonio","Not Confirmed","1,083"
"2016","Victoria","8-San Antonio","Confirmed Victim","222"
"2016","Wilson","8-San Antonio","Not Confirmed","307"
"2016","Wilson","8-San Antonio","Confirmed Victim","60"
"2016","Zavala","8-San Antonio","Not Confirmed","197"
"2016","Zavala","8-San Antonio","Confirmed Victim","39"
"2016","Andrews","9-Midland","Not Confirmed","150"
"2016","Andrews","9-Midland","Confirmed Victim","43"
"2016","Borden","9-Midland","Confirmed Victim","1"
"2016","Coke","9-Midland","Not Confirmed","52"
"2016","Coke","9-Midland","Confirmed Victim","11"
"2016","Concho","9-Midland","Not Confirmed","20"
"2016","Concho","9-Midland","Confirmed Victim","9"
"2016","Crane","9-Midland","Not Confirmed","18"
"2016","Crane","9-Midland","Confirmed Victim","8"
"2016","Crockett","9-Midland","Not Confirmed","47"
"2016","Crockett","9-Midland","Confirmed Victim","20"
"2016","Dawson","9-Midland","Not Confirmed","194"
"2016","Dawson","9-Midland","Confirmed Victim","72"
"2016","Ector","9-Midland","Not Confirmed","1,929"
"2016","Ector","9-Midland","Confirmed Victim","383"
"2016","Gaines","9-Midland","Not Confirmed","150"
"2016","Gaines","9-Midland","Confirmed Victim","28"
"2016","Glasscock","9-Midland","Not Confirmed","1"
"2016","Howard","9-Midland","Not Confirmed","439"
"2016","Howard","9-Midland","Confirmed Victim","163"
"2016","Irion","9-Midland","Not Confirmed","12"
"2016","Kimble","9-Midland","Not Confirmed","57"
"2016","Kimble","9-Midland","Confirmed Victim","9"
"2016","Martin","9-Midland","Not Confirmed","40"
"2016","Martin","9-Midland","Confirmed Victim","14"
"2016","Mason","9-Midland","Not Confirmed","40"
"2016","Mason","9-Midland","Confirmed Victim","5"
"2016","McCulloch","9-Midland","Not Confirmed","124"
"2016","McCulloch","9-Midland","Confirmed Victim","37"
"2016","Menard","9-Midland","Not Confirmed","21"
"2016","Menard","9-Midland","Confirmed Victim","3"
"2016","Midland","9-Midland","Not Confirmed","1,239"
"2016","Midland","9-Midland","Confirmed Victim","279"
"2016","Pecos","9-Midland","Not Confirmed","133"
"2016","Pecos","9-Midland","Confirmed Victim","38"
"2016","Reagan","9-Midland","Not Confirmed","35"
"2016","Reagan","9-Midland","Confirmed Victim","3"
"2016","Reeves","9-Midland","Not Confirmed","108"
"2016","Reeves","9-Midland","Confirmed Victim","34"
"2016","Schleicher","9-Midland","Not Confirmed","22"
"2016","Schleicher","9-Midland","Confirmed Victim","8"
"2016","Sterling","9-Midland","Not Confirmed","9"
"2016","Sterling","9-Midland","Confirmed Victim","5"
"2016","Sutton","9-Midland","Not Confirmed","38"
"2016","Sutton","9-Midland","Confirmed Victim","17"
"2016","Terrell","9-Midland","Not Confirmed","3"
"2016","Terrell","9-Midland","Confirmed Victim","1"
"2016","Tom Green","9-Midland","Not Confirmed","1,274"
"2016","Tom Green","9-Midland","Confirmed Victim","297"
"2016","Upton","9-Midland","Not Confirmed","43"
"2016","Upton","9-Midland","Confirmed Victim","6"
"2016","Ward","9-Midland","Not Confirmed","149"
"2016","Ward","9-Midland","Confirmed Victim","28"
"2016","Winkler","9-Midland","Not Confirmed","77"
"2016","Winkler","9-Midland","Confirmed Victim","23"
"2016","Brewster","10-El Paso","Not Confirmed","70"
"2016","Brewster","10-El Paso","Confirmed Victim","28"
"2016","Culberson","10-El Paso","Not Confirmed","35"
"2016","Culberson","10-El Paso","Confirmed Victim","11"
"2016","El Paso","10-El Paso","Not Confirmed","5,939"
"2016","El Paso","10-El Paso","Confirmed Victim","2,015"
"2016","Hudspeth","10-El Paso","Not Confirmed","22"
"2016","Hudspeth","10-El Paso","Confirmed Victim","9"
"2016","Jeff Davis","10-El Paso","Not Confirmed","15"
"2016","Jeff Davis","10-El Paso","Confirmed Victim","7"
"2016","Presidio","10-El Paso","Not Confirmed","35"
"2016","Presidio","10-El Paso","Confirmed Victim","11"
"2016","Aransas","11-Edinburg","Not Confirmed","328"
"2016","Aransas","11-Edinburg","Confirmed Victim","66"
"2016","Bee","11-Edinburg","Not Confirmed","386"
"2016","Bee","11-Edinburg","Confirmed Victim","99"
"2016","Brooks","11-Edinburg","Not Confirmed","147"
"2016","Brooks","11-Edinburg","Confirmed Victim","40"
"2016","Cameron","11-Edinburg","Not Confirmed","4,006"
"2016","Cameron","11-Edinburg","Confirmed Victim","1,135"
"2016","Duval","11-Edinburg","Not Confirmed","152"
"2016","Duval","11-Edinburg","Confirmed Victim","41"
"2016","Hidalgo","11-Edinburg","Not Confirmed","8,176"
"2016","Hidalgo","11-Edinburg","Confirmed Victim","1,361"
"2016","Jim Hogg","11-Edinburg","Not Confirmed","46"
"2016","Jim Hogg","11-Edinburg","Confirmed Victim","14"
"2016","Jim Wells","11-Edinburg","Not Confirmed","581"
"2016","Jim Wells","11-Edinburg","Confirmed Victim","125"
"2016","Kenedy","11-Edinburg","Not Confirmed","10"
"2016","Kleberg","11-Edinburg","Not Confirmed","293"
"2016","Kleberg","11-Edinburg","Confirmed Victim","70"
"2016","Live Oak","11-Edinburg","Not Confirmed","106"
"2016","Live Oak","11-Edinburg","Confirmed Victim","24"
"2016","McMullen","11-Edinburg","Not Confirmed","12"
"2016","McMullen","11-Edinburg","Confirmed Victim","2"
"2016","Nueces","11-Edinburg","Not Confirmed","4,092"
"2016","Nueces","11-Edinburg","Confirmed Victim","1,125"
"2016","Refugio","11-Edinburg","Not Confirmed","83"
"2016","Refugio","11-Edinburg","Confirmed Victim","20"
"2016","San Patricio","11-Edinburg","Not Confirmed","892"
"2016","San Patricio","11-Edinburg","Confirmed Victim","237"
"2016","Starr","11-Edinburg","Not Confirmed","448"
"2016","Starr","11-Edinburg","Confirmed Victim","74"
"2016","Webb","11-Edinburg","Not Confirmed","2,190"
"2016","Webb","11-Edinburg","Confirmed Victim","374"
"2016","Willacy","11-Edinburg","Not Confirmed","295"
"2016","Willacy","11-Edinburg","Confirmed Victim","91"
"2016","Zapata","11-Edinburg","Not Confirmed","170"
"2016","Zapata","11-Edinburg","Confirmed Victim","37"
"2016","Out of State","Out of State","Not Confirmed","23"
"2016","Out of State","Out of State","Confirmed Victim","4"
